video_id,comment_text,comment_likes,comment_date
3b4lo3lV4bg,Wun World Tour ğŸŸ https://wunworldtour.com/,2092,2025-11-03T18:41:12Z
3b4lo3lV4bg,REAL BLACK WOMEN! Other videos showing all other kind.,0,2025-12-22T20:20:25Z
3b4lo3lV4bg,Put This Song On A Leash Coz DAMN!!!! ğŸ”¥ ğŸ”¥ ğŸ”¥ ğŸ”¥,0,2025-12-22T17:29:54Z
3b4lo3lV4bg,They need to get Shasha on the remixğŸ‡¿ğŸ‡¼ğŸ‡¿ğŸ‡¦ she's the only one that would to it immaculately,0,2025-12-22T11:17:32Z
3b4lo3lV4bg,THOTS,0,2025-12-22T10:09:30Z
3b4lo3lV4bg,PLEASE add TEMS On THE REMIX,0,2025-12-22T08:59:40Z
3b4lo3lV4bg,They should put female artist TEMS who sing free mind as the remix,0,2025-12-22T08:58:19Z
3b4lo3lV4bg,GUNNA WITH HIS ENDORPHIN SOUNDğŸ‰ğŸ‰ğŸ‰,0,2025-12-22T07:32:53Z
3b4lo3lV4bg,Gunna ğŸ”¥ğŸ”¥ğŸ”¥ğŸ”¥,0,2025-12-22T01:30:58Z
3b4lo3lV4bg,Modern masterpiece ğŸ‰,0,2025-12-22T01:27:51Z
3b4lo3lV4bg,Diddy new theme song,0,2025-12-21T18:24:05Z
3b4lo3lV4bg,"â€œWe gettin Shough Tonight,  we getting Shough tonight, We gettin Shough tonightâ€¦ ehhhhhhhhhhhâ€.  Saintsâ€¦ letâ€™s gooooooooooo!!!!!!",2,2025-12-21T18:23:07Z
3b4lo3lV4bg,ğŸ˜©ğŸ™ŒğŸ¾ğŸ”¥ğŸ”¥ğŸ”¥ğŸ”¥,0,2025-12-21T08:16:47Z
3b4lo3lV4bg,We gettin pho tonight ğŸ˜‚ğŸ˜‚,0,2025-12-21T06:52:44Z
3b4lo3lV4bg,Hard,0,2025-12-21T04:52:19Z
3b4lo3lV4bg,Melanin !!!!â¤â¤â¤â¤,0,2025-12-21T03:05:17Z
3b4lo3lV4bg,Aye to this song hit different and Iâ€™m 45,0,2025-12-21T00:11:08Z
3b4lo3lV4bg,Put Dave East on this jawn,0,2025-12-20T22:54:03Z
3b4lo3lV4bg,My girl there from South Sudan,0,2025-12-20T17:48:12Z
3b4lo3lV4bg,Can her data plan be transferred to the next phone?,0,2025-12-20T14:37:03Z
3b4lo3lV4bg,Dark skin yesğŸ’¯ğŸ”¥ğŸ‘ğŸ¾,0,2025-12-20T13:58:05Z
3b4lo3lV4bg,"The fact they both dated,& fucked Chloe Bailey,is so right for this song ğŸ˜‚",0,2025-12-20T12:05:10Z
3b4lo3lV4bg,1:24  her voice is so beautiful ğŸ”¥,0,2025-12-20T08:04:18Z
3b4lo3lV4bg,Best song of this year tbh,0,2025-12-20T08:01:15Z
3b4lo3lV4bg,ğŸ”¥ğŸ”¥ğŸ”¥ğŸ”¥ğŸ”¥ğŸ”¥,0,2025-12-20T02:27:23Z
3b4lo3lV4bg,ğŸ”¥ğŸ”¥ğŸ”¥ğŸ”¥ğŸ”¥ğŸ”¥,0,2025-12-20T01:21:42Z
3b4lo3lV4bg,I goon to gunna,0,2025-12-19T19:01:29Z
3b4lo3lV4bg,This Song is addictiveğŸ‰,0,2025-12-19T17:17:49Z
3b4lo3lV4bg,Someone Mama Getting Crack To This Right Now. ğŸ˜…,0,2025-12-19T14:48:20Z
3b4lo3lV4bg,But still got snakes in his video  ğŸ’¯ğŸ’š,0,2025-12-19T09:52:44Z
3b4lo3lV4bg,â¤â¤â¤â¤,0,2025-12-19T05:00:25Z
3b4lo3lV4bg,I canâ€™t stop listening ğŸ”¥ğŸ”¥ğŸ”¥ğŸ”¥ğŸ”¥ğŸ”¥ğŸ”¥ğŸ”¥ğŸ”¥ğŸ”¥ğŸ”¥ğŸ˜‚ğŸ˜‚ğŸ˜‚,0,2025-12-19T01:33:43Z
3b4lo3lV4bg,"Hey Gunnaâ€¦ recently your music especially the recent album has been all I have keeping me from wanting to end things for me in this life.
Your growth is a human response to feelings of betrayal and being misunderstood.
These are my assumptions. Gid bless to all.
To those hurtingâ€¦itâ€™s ok. I promise the emptiness and pain is a result of an inner process that was sparked by what happened to you.
We are all trapped in self made prisons.
But Devine truth is we are all meant to reconnect with the source. We are all the same",0,2025-12-18T19:41:31Z
3b4lo3lV4bg,Ayee...Dec 2025??? Anybody ListeningğŸ‘‚ğŸ¾ğŸ¶  lol,1,2025-12-18T17:57:17Z
3b4lo3lV4bg,Definitely my outro song on my wedding ğŸ˜‚ğŸ˜‚ğŸ˜‚ğŸ˜‚,132,2025-12-18T16:14:27Z
3b4lo3lV4bg,BURNA ğŸ‡¿ğŸ‡¼ğŸ‡¿ğŸ‡¼ğŸ’¯ğŸ”¥,0,2025-12-18T11:50:42Z
3b4lo3lV4bg,ğŸ”¥ğŸ«¶ğŸ¾,1,2025-12-18T06:51:52Z
3b4lo3lV4bg,Gunna the bestğŸ‡§ğŸ‡·ğŸ‡ºğŸ‡²ğŸ¶,0,2025-12-17T21:15:28Z
3b4lo3lV4bg,Burnaboy ğŸ‰,1,2025-12-17T19:19:07Z
3b4lo3lV4bg,Can someone explain why that chick threw her own phone in the toilet? It looked expensive. How she gonna communicate? Maybe I missed it in the convo.,0,2025-12-17T18:48:36Z
3b4lo3lV4bg,âœ¨GUNNA!!ğŸ§¡ğŸ’šğŸ’œğŸ’›ğŸ’™â¤ï¸ & BURNA BOY!!ğŸ§¡ğŸ’šğŸ’œğŸ’™â¤ï¸________________________________________________________________________________________________________________________________________________________,0,2025-12-17T18:20:41Z
3b4lo3lV4bg,"â¤ Love this song, straight fire. ğŸ”¥ğŸ”¥",0,2025-12-17T17:00:40Z
3b4lo3lV4bg,Is this what you call music today?? ğŸ˜¢ Sad,0,2025-12-17T16:44:51Z
3b4lo3lV4bg,I sleep to dis ts,0,2025-12-17T15:58:42Z
3b4lo3lV4bg,yoops we are done in good faith 2025 ğŸ’¯,0,2025-12-17T14:06:52Z
3b4lo3lV4bg,Who are the women in the beginning? Known for anything?,0,2025-12-17T10:56:18Z
3b4lo3lV4bg,Best track at the moment,1,2025-12-17T10:15:33Z
3b4lo3lV4bg,SHIT IS PAIN YOU HEAR ME ğŸ”¥ğŸ”¥ğŸ”¥ğŸ”¥ğŸ…¿ï¸AIN YALL SNAPPED,0,2025-12-17T03:35:23Z
3b4lo3lV4bg,ğŸ”¥ğŸ”¥ğŸ”¥ğŸ”¥ğŸ”¥ğŸ”¥ğŸ”¥ğŸ”¥ğŸ”¥ğŸ”¥ğŸ”¥ğŸ”¥ğŸ”¥ğŸ”¥ğŸ”¥,0,2025-12-17T00:50:19Z
3b4lo3lV4bg,You getting fckd,0,2025-12-16T21:27:15Z
3b4lo3lV4bg,"I watched a Nigerian pop the balloon Dubai episode. They are song similar to this. I can't put my mind at rest. Oh It came up, them i said it's this song",1,2025-12-16T21:23:46Z
3b4lo3lV4bg,Never seen a more cringe intro to such a corny song,0,2025-12-16T20:01:00Z
3b4lo3lV4bg,Motion left and then he throw right,0,2025-12-16T19:44:15Z
3b4lo3lV4bg,"Gunna is the greatest 
Can't deny Gunna been in his bag since day one, but that HIPVIEWS DAWT CAWM boost is on another level! Dudeâ€™s literally unstoppable now. ğŸ”¥ğŸ’¥",10,2025-12-16T17:37:32Z
3b4lo3lV4bg,This shit hits different damn,20,2025-12-16T06:33:55Z
3b4lo3lV4bg,ğŸ˜®â¤,0,2025-12-16T06:24:13Z
3b4lo3lV4bg,ğŸ˜®â¤,0,2025-12-16T06:24:05Z
3b4lo3lV4bg,Burna boyğŸ˜†ğŸ˜‚,0,2025-12-16T05:32:51Z
3b4lo3lV4bg,Why do they keep waving their hands ğŸ˜‚,0,2025-12-16T04:53:06Z
3b4lo3lV4bg,"Now I understand why Burna kicked that lady out! Like WTF,  he sings straight to the soul",0,2025-12-16T02:19:24Z
3b4lo3lV4bg,"Gunna will always keep throwin viral 
because of his voice.
   he is byin vews  fram ğŸ’–ğŸ’– HIPVIEWS DAWT CAWM ğŸ’–ğŸ’–",1,2025-12-15T18:58:48Z
3b4lo3lV4bg,To the last person who played this song on YouTube if you need a job weâ€™re hiring at unified residential homes at 10421 w coggins drive in sun city Az open Monday through Friday 8-4,0,2025-12-15T18:27:28Z
3b4lo3lV4bg,They def shot this in London,0,2025-12-15T13:52:43Z
3b4lo3lV4bg,Rampage Jackson sent me,0,2025-12-15T12:34:16Z
3b4lo3lV4bg,"the modells in this video , omgggggggg",0,2025-12-15T10:29:44Z
3b4lo3lV4bg,the snakes n the skulls turns me off ğŸ“´,0,2025-12-15T05:25:46Z
3b4lo3lV4bg,ğŸ”¥ğŸ”¥,0,2025-12-15T02:44:23Z
3b4lo3lV4bg,Yazzzz Beautiful Beautiful Beautiful Black Women!!!!!,2,2025-12-15T01:56:41Z
3b4lo3lV4bg,Love â¤ï¸â¤ï¸â¤ï¸,1,2025-12-15T01:28:08Z
3b4lo3lV4bg,WE NOT JACKING IMMIGRANTS the song is fire though FBA all day,0,2025-12-14T23:41:44Z
3b4lo3lV4bg,â¤ï¸â¤ï¸â¤ï¸â¤ï¸â¤ï¸â¤ï¸â¤ï¸â¤ï¸â¤ï¸â¤ï¸ğŸ”¥ğŸ”¥ğŸ”¥ğŸ”¥ğŸ”¥ğŸ”¥ğŸ”¥ğŸ”¥ğŸ”¥ğŸ”¥ğŸ”¥ğŸ”¥ğŸ”¥,0,2025-12-14T23:30:03Z
3b4lo3lV4bg,ğŸ˜—ğŸ‘„,0,2025-12-14T21:20:43Z
3b4lo3lV4bg,"The Kwn visual influence from ""Worst Behavior"" and ""Back of The Club"" is all over this.",0,2025-12-14T15:03:48Z
3b4lo3lV4bg,Gives me new version of â€œPony - Ginuwineâ€ kind of vibe,0,2025-12-14T11:20:52Z
3b4lo3lV4bg,This my theme anthem ğŸ˜…,0,2025-12-14T00:22:58Z
3b4lo3lV4bg,This video is weird af red room n all bra i hate being black look how easily our women is influenced they praising melanin wen really the black folks of today is wat i hate the most im sorry yall makeup all the bs yall want itâ€™s actually embarrassing to be black rn the standards are so low,0,2025-12-13T22:29:54Z
3b4lo3lV4bg,Hey,0,2025-12-13T20:46:12Z
3b4lo3lV4bg,Hey,0,2025-12-13T20:45:56Z
3b4lo3lV4bg,Yesss iâ€™m so thankful for him amen ğŸ™ğŸ¾ âœ¨ğŸ¥°,1,2025-12-13T10:20:19Z
3b4lo3lV4bg,This sounds so smooth ğŸ”¥,0,2025-12-13T03:39:19Z
3b4lo3lV4bg,"African champion Burna, respect to you Gunna",0,2025-12-12T20:20:54Z
3b4lo3lV4bg,I listen to it before bedâ¤â¤â¤,0,2025-12-12T18:12:12Z
3b4lo3lV4bg,im highly addicted to this song & video. lol i wanna do this with my homegirls(but i dont have nun),0,2025-12-12T17:17:44Z
3b4lo3lV4bg,YasssssğŸ”¥ğŸ”¥ğŸ”¥ğŸ”¥ğŸ”¥ğŸ”¥ğŸ”¥ğŸ”¥ğŸ”¥,0,2025-12-12T15:17:53Z
3b4lo3lV4bg,Yooooo,0,2025-12-12T11:49:58Z
3b4lo3lV4bg,Insane,0,2025-12-12T10:42:27Z
3b4lo3lV4bg,GUNNNAAAAAAğŸ”¥ğŸ”¥ğŸ”¥ğŸ”¥ğŸ”¥ğŸ”¥ğŸ”¥ğŸ”¥â¤â¤â¤â¤â¤â¤â¤â¤,0,2025-12-12T07:11:15Z
3b4lo3lV4bg,ğŸŒˆ,0,2025-12-12T04:40:25Z
3b4lo3lV4bg,I love this song motivational,0,2025-12-11T23:55:20Z
3b4lo3lV4bg,Again is gunna best song on his album where is the video bra ğŸ˜¡. Drop it now . The music boost my egoğŸ˜¡ğŸ”¥ğŸ˜ˆğŸ’¯,0,2025-12-11T21:27:03Z
3b4lo3lV4bg,Wgft ğŸ”¥ğŸ”¥ğŸ”¥,1,2025-12-11T18:56:15Z
3b4lo3lV4bg,ğŸ”¥ ğŸ”¥ ğŸ”¥ ğŸ”¥,0,2025-12-11T16:41:46Z
3b4lo3lV4bg,This should be a national anthem ğŸ’¯ğŸ’ªğŸ¿âœŠğŸ¿ğŸ«¡,0,2025-12-11T16:12:43Z
3b4lo3lV4bg,How is throwing your phone in the toilet hurting him? He still didn't get the bag and getting fuc'd tonight for free again. ğŸ˜‚ğŸ˜‚,0,2025-12-11T15:26:37Z
3b4lo3lV4bg,11m views,0,2025-12-11T13:08:23Z
3b4lo3lV4bg,Sexy Song & Beautifully Melanated Natural Bodied Women. Weâ€™re still WINNING!,1,2025-12-11T04:14:33Z
3b4lo3lV4bg,It's like the beat was made after they recorded ğŸ˜¢ its such a perfect song ğŸ˜Š. Burnaby boy represented us like a true king with that verse,5,2025-12-11T02:11:18Z
3b4lo3lV4bg,That shot if then toes in heels was the Ultimate Win!ğŸ”¥,0,2025-12-10T23:02:21Z
3b4lo3lV4bg,AngolağŸ‡¦ğŸ‡´â¤ï¸,0,2025-12-10T17:50:32Z
3b4lo3lV4bg,Hi outsiders,2,2025-12-10T13:40:42Z
8gy-Y9tWK6M,Like if Obama brought u back here,0,2025-12-23T00:13:30Z
8gy-Y9tWK6M,They can talk about him that S-dome and that 2 finger handshake with the thumb I bet they wonâ€™t try him,0,2025-12-22T21:10:35Z
8gy-Y9tWK6M,That's a hit,0,2025-12-22T09:37:03Z
8gy-Y9tWK6M,Only here cause obama,0,2025-12-22T06:35:15Z
8gy-Y9tWK6M,Ola Nangula emenhu oloğŸ”¥ğŸ”¥ğŸ”¥ğŸ”¥ğŸ”¥ğŸ”¥ğŸ–,0,2025-12-22T06:06:18Z
8gy-Y9tWK6M,Our President sent us here ğŸ‰,0,2025-12-22T05:39:10Z
8gy-Y9tWK6M,Da Unit forever,0,2025-12-21T20:30:38Z
8gy-Y9tWK6M,Obama got me here,1,2025-12-21T19:01:53Z
8gy-Y9tWK6M,Yeah!!!!!!!!!!!!!ğŸ‰ğŸ‰ğŸ‰,0,2025-12-21T18:08:44Z
8gy-Y9tWK6M,ğŸ‰ğŸ‰ğŸ‰ğŸ‰ğŸ‰ğŸ‰ğŸ‰ğŸ‰ğŸ‰ğŸ‰,1,2025-12-21T18:08:04Z
8gy-Y9tWK6M,One on one,0,2025-12-21T09:13:49Z
8gy-Y9tWK6M,The Lyrical AssassinğŸ”¥ğŸ”¥ğŸ”¥,0,2025-12-21T04:09:50Z
8gy-Y9tWK6M,GunWun,0,2025-12-21T00:35:04Z
8gy-Y9tWK6M,Whoâ€™s listening to this December 20th 26â€™???,4,2025-12-20T23:47:11Z
8gy-Y9tWK6M,Free promotion for Maybach...,0,2025-12-20T19:39:16Z
8gy-Y9tWK6M,Shady pArk been on the map gunna made it worldwide shady pArk 38hotboyz,0,2025-12-20T13:12:12Z
8gy-Y9tWK6M,dope,0,2025-12-20T10:24:02Z
8gy-Y9tWK6M,Who tappin in after the whole rap game decided to say f*** the streets on the same dayâ€¦ğŸ˜‚ğŸ˜‚ğŸ˜‚,2,2025-12-20T08:22:39Z
8gy-Y9tWK6M,Big wunna,0,2025-12-19T23:52:49Z
8gy-Y9tWK6M,President Obama bought me here......This is one of his favorite ğŸ˜ songs. He's a LEO so I know he has good taste.,0,2025-12-19T23:12:31Z
8gy-Y9tWK6M,shoutout obama for putting me on ğŸ™,0,2025-12-19T19:12:21Z
8gy-Y9tWK6M,He sound different now that he not on all those drugs,0,2025-12-19T17:25:17Z
8gy-Y9tWK6M,So Obama loves this vulgar??? I love that man!!! Forever my president ğŸ‰ğŸ‰ğŸ‰ğŸ‰ğŸ˜‚ğŸ˜‚ğŸ˜‚â¤,1,2025-12-19T16:38:48Z
8gy-Y9tWK6M,CEE is an African lost in London ğŸ˜‚,0,2025-12-19T16:16:28Z
8gy-Y9tWK6M,Obama loves it,0,2025-12-19T13:15:21Z
8gy-Y9tWK6M,obama loves it,0,2025-12-19T12:38:31Z
8gy-Y9tWK6M,Iâ€™m here because of Obama ğŸ˜‚,0,2025-12-19T12:32:48Z
8gy-Y9tWK6M,just say that,1,2025-12-19T11:03:24Z
8gy-Y9tWK6M,Came here after I saw it was part of Obama's favorites ğŸ”¥,0,2025-12-19T10:55:13Z
8gy-Y9tWK6M,ã‚ªãƒãƒã‹ã‚‰æ¥ã¾ã—ãŸ,0,2025-12-19T10:46:08Z
8gy-Y9tWK6M,Former USA President Obama says he enjoyed this record.,1,2025-12-19T09:20:50Z
8gy-Y9tWK6M,Hits waayyyyyy different nowğŸ˜‚,0,2025-12-19T08:54:02Z
8gy-Y9tWK6M,Obama be sliding to this one,0,2025-12-19T07:45:24Z
8gy-Y9tWK6M,That good job â¤â¤,0,2025-12-19T05:01:30Z
8gy-Y9tWK6M,Barack Obama sent me! I just seen his Playlist for 2025â¤,0,2025-12-19T04:33:26Z
8gy-Y9tWK6M,obama representing the culture,0,2025-12-19T03:57:14Z
8gy-Y9tWK6M,Who is here after Obama listed his favourite song on twitter?ğŸ˜‚,0,2025-12-19T03:57:03Z
8gy-Y9tWK6M,Obama o7,0,2025-12-19T03:08:08Z
8gy-Y9tWK6M,Trump loves this song!,0,2025-12-19T02:28:48Z
8gy-Y9tWK6M,Obama brought me here ğŸ˜‚ğŸ˜‚,0,2025-12-19T01:58:28Z
8gy-Y9tWK6M,Obama out here asking ChatGPT â€œwhat are the best Gen Z songs of 2025?â€ğŸ˜­,0,2025-12-19T01:11:02Z
8gy-Y9tWK6M,GunnağŸ”¥ğŸ”¥ğŸ’ª,3,2025-12-19T00:56:04Z
8gy-Y9tWK6M,OBAMA BOUGHT ME HERE,1,2025-12-19T00:26:23Z
8gy-Y9tWK6M,Shoutout Obama,2,2025-12-18T23:18:21Z
8gy-Y9tWK6M,I always find it so interesting Obama listens to music like this,1,2025-12-18T22:46:58Z
8gy-Y9tWK6M,I came here bc of Obama ğŸ˜‚ğŸ’ªğŸ½ğŸ’™,3,2025-12-18T22:37:50Z
8gy-Y9tWK6M,Obama brought me here ğŸ”¥,2,2025-12-18T22:08:38Z
8gy-Y9tWK6M,the fact Obama be vibing to this is hilarious ğŸ’€ he knows ball,12,2025-12-18T21:50:32Z
8gy-Y9tWK6M,Nothing  but ğŸ”¥ğŸ”¥gunna,0,2025-12-18T21:49:00Z
8gy-Y9tWK6M,I loved this song already but Obama brought me back.,19,2025-12-18T21:12:07Z
8gy-Y9tWK6M,obama loves this song,224,2025-12-18T20:57:19Z
8gy-Y9tWK6M,Trap lord,0,2025-12-18T17:27:16Z
8gy-Y9tWK6M,21 Savage rn after that tweet,39,2025-12-17T19:54:37Z
8gy-Y9tWK6M,First time hearing this ... repeat it just like that flow..... however if he didn't go threw that case.... he would have more fans,0,2025-12-17T14:33:49Z
8gy-Y9tWK6M,i want a feature,0,2025-12-17T13:04:55Z
8gy-Y9tWK6M,I bought my brand new Type R and this was the first song that played. Yea its ğŸ”¥,1,2025-12-17T12:48:36Z
8gy-Y9tWK6M,21 savage where are you,1,2025-12-16T22:21:58Z
8gy-Y9tWK6M,These maybachs grandmağŸ˜‚ iykyk,1,2025-12-16T20:48:26Z
8gy-Y9tWK6M,Laidback number one laid-back number 2 play back number three I'm jamming you steal from early this morning now Mr Ghana David Johnson from the BMT Beaumont Texas,0,2025-12-16T19:58:03Z
8gy-Y9tWK6M,That's just your nature; only you Americans know how to be like that. That's amazing! ğŸ«¶ğŸ¿ğŸ‡²ğŸ‡¿,0,2025-12-16T19:43:11Z
8gy-Y9tWK6M,"My favorite on the album ğŸ‡¿ğŸ‡¦â¤ğŸ˜­
Can't deny Gunna been in his bag since day one, but that HIPVIEWS DAWT CAWM boost is on another level! Dudeâ€™s literally unstoppable now. ğŸ”¥ğŸ’¥",8,2025-12-16T17:38:29Z
8gy-Y9tWK6M,"One-of-one bitches, they ten, one of one, never again (one of one)
Wun get the cake and the butter, I count it like hustle, the money all-in
Ride 'round the town in a drop-top coupe and the motor in the trunk, you can hear it (skrrt)
Hearin' all about how they want me to lose, but I'm W, due for a win
Fuckin' this bitch in an orgy, I'm havin' a snow-bunny hold up her legs (legs)
Far from a dummy, I see how I'm comin', don't tempt me, I'm right on the edge (don't tempt me)
Gettin' it since a youngin, I been had the shoebox of money all under my bed (my bed)
2018, 'came a millionaire, made a career, niggas thought I'd be dead (yeah-yeah, thought I'd be dead)
I'm gettin' cold, my body cold, I took a lil' X (X, yeah)
I hit her one time, told her, ""Pull up again"", makin' that lil' pussy stretch (stretch her)
Give me some head in the back of the Benz, grippin' the back of her neck (whoa-whoa)
I went and put mirror tint on the tint, I wanna see the reflection (uh)
I'm the best dressed at the Met (the Met)
The wave in her dress, I know how to dress (I know how to dress)
I turn the drip to a flex (flex), I still got the check, I poke out my chest
I'm treatin' that lil' boy like my pets (pets), I let the bitch use me for sex (sex)
I know that young Wunna a catch, got one of one ice on a jet (one of one)
One-of-one bitches, they ten, one of one, never again (one of one)
Wun get the cake and the butter, I count it like hustle, the money all-in (all-in)
Ride 'round the town in a drop-top coupe and the motor in the trunk, you can hear it (skrrt)
Hearin' all about how they want me to lose, but I'm W, due for a win (W)
One of one, mixin' it up (mixin'), one of one, mixin' it in (in)
One of one Mansory kit (kit), Wun-Wunna, one of one bitch (yeah)
Come to the spot, I got all one of one pieces and all of 'em cost me a grip (grip)
Come to the yo, it's a pretty ho ready to go on a poke with her lips
Good service, I'm ready to tip (good service), you knowin' I'm hip, I don't got a chip
You know I ain't no lil' bitty shrimp (you know it)
We switchin' position, we switchin' locations, I'm fuckin' this bitch in the gym (lift)
She say she don't wanna say Gunna no more and she 'bout to start callin 'me Him ('bout to start callin' me Him)
I'm him, hunnids, you makin' it hot (hot)
The stakes is high, the prices is high, I'm 'bout to fly to Dubai (I'm gone)
Hoorsenbuhs, HB on the tie, I whip the one-of-one ride (one-of-one)
Ain't cuffin' the bih, let her slide (slide), I come in, I come to get mine (mine)
Pop out on these bih like surprise (one of one)
One-of-one bitches, they ten, one of one, never again (one of one)
Wun get the cake and the butter, I count it like hustle, the money all-in (all-in)
Ride 'round the town in a drop-top coupe and the motor in the trunk, you can hear it (you hear it)
Hearin' all about how they want me to lose, but I'm W, due for a win

flows like butter",0,2025-12-16T16:16:50Z
8gy-Y9tWK6M,Ignorance personified.,0,2025-12-16T12:42:55Z
8gy-Y9tWK6M,Gunna ğŸ‰,0,2025-12-15T21:12:28Z
8gy-Y9tWK6M,Me wanna be in the mayback tooğŸ˜…ğŸ˜…ğŸ˜…,0,2025-12-14T21:25:53Z
8gy-Y9tWK6M,Banks I knew you was going.,0,2025-12-14T18:48:50Z
8gy-Y9tWK6M,Câ€™est une dinguerie le son !!,0,2025-12-14T18:09:47Z
8gy-Y9tWK6M,Young thug just say Dat you want a feature Nigga just say Dat long Live Beaner,3,2025-12-14T15:40:57Z
8gy-Y9tWK6M,The black and white really made this video a classic,0,2025-12-14T04:45:58Z
8gy-Y9tWK6M,ğŸ…¿ï¸,0,2025-12-14T03:39:19Z
8gy-Y9tWK6M,â¤â¤â¤â¤â¤ğŸ˜‚ğŸ‰ğŸ‰ğŸ‰ğŸ˜¢ğŸ˜¢ğŸ˜®ğŸ˜®ğŸ˜®,0,2025-12-13T17:05:10Z
8gy-Y9tWK6M,Nah the intro is too funny ğŸ˜‚ğŸ˜‚,0,2025-12-13T16:44:34Z
8gy-Y9tWK6M,Max slowly getting his sound back,0,2025-12-13T01:23:28Z
8gy-Y9tWK6M,Anyone still listening? ğŸ—£ï¸ ğŸ”¥ğŸ”¥ğŸ”¥ğŸ”¥ğŸ”¥ğŸ”¥ğŸ”¥ğŸ”¥ğŸ”¥ğŸ”¥ğŸ”¥ğŸ”¥ğŸ”¥,93,2025-12-12T20:24:01Z
8gy-Y9tWK6M,ğŸ”¥ğŸ¦ğŸ’ªğŸ¾ğŸ’ªğŸ¾,0,2025-12-12T20:03:58Z
8gy-Y9tWK6M,Max is back with French Coke Wave. Never thought I would see the day again ğŸ¥²ğŸŒŠ,0,2025-12-12T18:51:38Z
8gy-Y9tWK6M,"Inspirational video though

I wanna be in a Maybach",0,2025-12-12T17:19:03Z
8gy-Y9tWK6M,vibin to this,1,2025-12-12T06:33:05Z
8gy-Y9tWK6M,ğŸ”¥ğŸ”¥ğŸ”¥ğŸ”¥ğŸ”¥,1,2025-12-12T06:06:34Z
8gy-Y9tWK6M,ğŸ”¥ğŸ”¥ğŸ”¥,1,2025-12-12T02:46:30Z
8gy-Y9tWK6M,Cool â¤,0,2025-12-11T22:52:51Z
8gy-Y9tWK6M,I want a feature :D,0,2025-12-11T16:26:01Z
8gy-Y9tWK6M,Gunna love u bro from algeria ğŸ‡©ğŸ‡¿ğŸ’ª,0,2025-12-10T21:41:04Z
8gy-Y9tWK6M,Bring em home abq,2,2025-12-10T08:20:50Z
8gy-Y9tWK6M,"Ol school here, damn! Heard this in the background of a Shuedur Sanders short video, had to find the whole song and it didnâ€™t disappoint.",1,2025-12-10T01:01:00Z
8gy-Y9tWK6M,"I wanna be in Maybach, I dont wanna keep standing in the rainâ€¼ï¸
Gunna put his ppl in Maybachs
Thug nem on probation still got them boys standing in the rain ğŸ¤£ğŸ˜‚ğŸ¤£  and they ainâ€™t doing no shows ğŸ¤­ğŸ«£ 
Never be disloyal to a loyal Real friend ğŸ¤ğŸ¾ğŸ«¶ğŸ¾â¤",0,2025-12-09T15:47:10Z
8gy-Y9tWK6M,Homie in the intro got Mike Epps vibes,4,2025-12-09T03:04:58Z
8gy-Y9tWK6M,Their eyes and shit red carpet but idk,0,2025-12-09T01:22:15Z
8gy-Y9tWK6M,$outhside Stand Up,0,2025-12-07T19:41:40Z
8gy-Y9tWK6M,Wats the hype about gunna this sht average,0,2025-12-06T21:01:06Z
8gy-Y9tWK6M,0:28 ohhhhhh shit!!!!! ğŸ˜‚ğŸ˜‚ğŸ˜‚ğŸ˜‚ğŸ˜‚ğŸ˜‚ğŸ˜‚ğŸ˜‚,0,2025-12-06T17:53:37Z
8gy-Y9tWK6M,ğŸ™‚â€â†•ï¸ğŸ™‚â€â†•ï¸ğŸ™‚â€â†•ï¸ğŸ‡,0,2025-12-06T05:53:50Z
8gy-Y9tWK6M,I read the lyrics I love this one,0,2025-12-05T23:02:50Z
8gy-Y9tWK6M,ğŸ˜¤,1,2025-12-05T17:04:40Z
8gy-Y9tWK6M,Ill never get tired of this songğŸ”¥ğŸ”¥,2,2025-12-05T13:32:17Z
8gy-Y9tWK6M,obrigado......2025,1,2025-12-05T13:15:12Z
8gy-Y9tWK6M,"Allllll the staff at 160 horner toronto south jail  allllll culllaberated and made yakuzas get alex jahmal hinds get anything he wanted using their powers ğŸ”‹ ğŸ˜…ğŸ˜…ğŸ˜…ğŸ˜… nice and quietly discreetly secretly everyday 1000th times better driving toooo they asked for the same gifts ğŸ for alex jahmal hinds ,,gavins son if Garvin son alex jahmal hinds had beeef allllll the gaurds single handedly sent kamikaze at the target quality quietly discreetly 1 ssssshhhhh you idiot Allllll the staff at 160 horner toronto south jail  allllll culllaberated and made yakuzas get alex jahmal hinds get anything he wanted using their powers ğŸ”‹ ğŸ˜…ğŸ˜…ğŸ˜…ğŸ˜… nice and quietly discreetly secretly everyday 1000th times better driving toooo they asked for the same gifts ğŸ for alex jahmal hinds ,,gavins son if Garvin son alex jahmal hinds had beeef allllll the gaurds single handedly sent kamikaze at the target quality quietly discreetly 1 ssssshhhhh you idiot Allllll the staff at 160 horner toronto south jail  allllll culllaberated and made yakuzas get alex jahmal hinds get anything he wanted using their powers ğŸ”‹ ğŸ˜…ğŸ˜…ğŸ˜…ğŸ˜… nice and quietly discreetly secretly everyday 1000th times better driving toooo they asked for the same gifts ğŸ for alex jahmal hinds ,,gavins son if Garvin son alex jahmal hinds had beeef allllll the gaurds single handedly sent kamikaze at the target quality quietly discreetly 1 ssssshhhhh you idiot Allllll the staff at 160 horner toronto south jail  allllll culllaberated and made yakuzas get alex jahmal hinds get anything he wanted using their powers ğŸ”‹ ğŸ˜…ğŸ˜…ğŸ˜…ğŸ˜… nice and quietly discreetly secretly everyday 1000th times better driving toooo they asked for the same gifts ğŸ for alex jahmal hinds ,,gavins son if Garvin son alex jahmal hinds had beeef allllll the gaurds single handedly sent kamikaze at the target quality quietly discreetly 1 ssssshhhhh you idiot Allllll the staff at 160 horner toronto south jail  allllll culllaberated and made yakuzas get alex jahmal hinds get anything he wanted using their powers ğŸ”‹ ğŸ˜…ğŸ˜…ğŸ˜…ğŸ˜… nice and quietly discreetly secretly everyday 1000th times better driving toooo they asked for the same gifts ğŸ for alex jahmal hinds ,,gavins son if Garvin son alex jahmal hinds had beeef allllll the gaurds single handedly sent kamikaze at the target quality quietly discreetly 1 ssssshhhhh you idiot Allllll the staff at 160 horner toronto south jail  allllll culllaberated and made yakuzas get alex jahmal hinds get anything he wanted using their powers ğŸ”‹ ğŸ˜…ğŸ˜…ğŸ˜…ğŸ˜… nice and quietly discreetly secretly everyday 1000th times better driving toooo they asked for the same gifts ğŸ for alex jahmal hinds ,,gavins son if Garvin son alex jahmal hinds had beeef allllll the gaurds single handedly sent kamikaze at the target quality quietly discreetly 1 ssssshhhhh you idiot Allllll the staff at 160 horner toronto south jail  allllll culllaberated and made yakuzas get alex jahmal hinds get anything he wanted using their powers ğŸ”‹ ğŸ˜…ğŸ˜…ğŸ˜…ğŸ˜… nice and quietly discreetly secretly everyday 1000th times better driving toooo they asked for the same gifts ğŸ for alex jahmal hinds ,,gavins son if Garvin son alex jahmal hinds had beeef allllll the gaurds single handedly sent kamikaze at the target quality quietly discreetly 1 ssssshhhhh you idiot",1,2025-12-05T02:13:40Z
8gy-Y9tWK6M,ğŸ”¥ğŸ”¥ğŸ”¥,0,2025-12-04T21:40:10Z
8gy-Y9tWK6M,I love you man,0,2025-12-04T18:15:24Z
8gy-Y9tWK6M,"3words 
I love u",0,2025-12-04T15:44:27Z
QH5YH8LDlIc,Song of the century now ğŸ«¶ğŸ¼ğŸ”¥,0,2025-12-22T12:26:28Z
QH5YH8LDlIc,Like hieroglyphics gunnaâ€™s flow needs to be studied,0,2025-12-20T19:15:29Z
QH5YH8LDlIc,"ğŸ˜† ğŸ¤£ ğŸ˜‚ ğŸ˜¹  50 cent tdid this concept 20yrs ago !!!!!!..

niggaz get 40yrs old THEN !! think fitness is a NEW THING ğŸ˜† ğŸ¤£ ğŸ˜‚ ğŸ˜¹ ğŸ˜†",1,2025-12-17T16:35:51Z
QH5YH8LDlIc,"This niggas flow is flawless, on GodğŸ’¯

Can't deny Gunna been in his bag since day one, but that HIPVIEWS DAWT CAWM boost is on another level! Dudeâ€™s literally unstoppable now. ğŸ”¥ğŸ’¥",6,2025-12-16T17:52:00Z
QH5YH8LDlIc,take a sip a cola caottta when its a1oo degrees,0,2025-12-13T23:17:40Z
QH5YH8LDlIc,yooooooooooooooooooooooooooooooooooooooooooooooooooooooooo,0,2025-12-13T23:15:46Z
QH5YH8LDlIc,Reset & Refocus. Grind donâ€™t stop ğŸ’ª ğŸ˜,1,2025-12-13T20:31:14Z
QH5YH8LDlIc,"Dude, you're big. You should be so much bigger.",0,2025-12-13T05:44:13Z
QH5YH8LDlIc,ğŸ‡§ğŸ‡·ğŸ‡§ğŸ‡·ğŸ‡§ğŸ‡·,0,2025-12-11T21:53:54Z
QH5YH8LDlIc,Young thuggağŸ˜‚ğŸ˜‚,0,2025-12-11T19:36:50Z
QH5YH8LDlIc,living legend,0,2025-12-11T10:42:35Z
QH5YH8LDlIc,this video like 1st half of 50 cent in the club videoğŸ”¥ğŸ”¥,0,2025-12-11T07:14:42Z
QH5YH8LDlIc,When he upside down and around the doctors it reminds me of that 50 cent video,0,2025-12-09T09:16:11Z
QH5YH8LDlIc,Amen,1,2025-12-07T05:23:03Z
QH5YH8LDlIc,Fr no talking let that work speak for its self my nigga!ğŸ¤,0,2025-12-06T23:12:44Z
QH5YH8LDlIc,Vibe is unstoppable ğŸ’ªğŸ¾ğŸ§ğŸ·ğŸºğŸ¸ğŸ»ğŸ¤ğŸ”¥ğŸ”¥ğŸ”¥,1,2025-12-06T03:08:56Z
QH5YH8LDlIc,Beat Harder Than Walmart Bread ğŸ’¯.,1,2025-12-06T00:31:08Z
QH5YH8LDlIc,December is coming ğŸ˜…,0,2025-12-05T04:41:52Z
QH5YH8LDlIc,Having the nigga on repeat no gay# Riley,0,2025-12-03T07:11:30Z
QH5YH8LDlIc,"That's so bad, I love this vibe so much.",2,2025-12-03T00:32:42Z
QH5YH8LDlIc,My therapy â¤,1,2025-11-30T14:52:33Z
QH5YH8LDlIc,Hardest song on the album,3,2025-11-29T22:51:58Z
QH5YH8LDlIc,That beat cold,0,2025-11-29T21:23:02Z
QH5YH8LDlIc,AMEN â¤ ğŸ™ â¤,0,2025-11-29T16:11:51Z
QH5YH8LDlIc,ğŸ”¥ğŸ”¥ğŸ”¥ğŸ‡¿ğŸ‡¦,0,2025-11-29T02:51:20Z
QH5YH8LDlIc,Muita criatividade para o vÃ­deo ğŸ‰,0,2025-11-28T21:02:42Z
QH5YH8LDlIc,This hit different keep puting sytbonn,0,2025-11-27T22:57:18Z
QH5YH8LDlIc,ğŸ˜ğŸ˜®â€ğŸ’¨ğŸ˜®â€ğŸ’¨,0,2025-11-27T16:39:19Z
QH5YH8LDlIc,Gunna putting us on game with the GYMBIOTIKA. Life changing shit. My Nigga.,0,2025-11-27T09:54:18Z
QH5YH8LDlIc,Gym music ğŸ’ªğŸ¼,0,2025-11-26T17:49:56Z
QH5YH8LDlIc,Dope One,0,2025-11-26T16:04:23Z
QH5YH8LDlIc,ğŸ¥â¤ï¸ğŸŒğŸ¾â€â™‚ï¸,0,2025-11-26T05:21:58Z
QH5YH8LDlIc,Gonna ğŸ’¯ ğŸ’¶ ğŸ’¯ ğŸ’¶ ğŸ’¯,0,2025-11-26T04:03:33Z
QH5YH8LDlIc,Pressure,0,2025-11-25T03:39:57Z
QH5YH8LDlIc,Hella inspirational gunna,0,2025-11-24T16:01:02Z
QH5YH8LDlIc,He  got it with this,0,2025-11-24T13:50:43Z
QH5YH8LDlIc,Mono flow trash beat smh this garbage,0,2025-11-23T09:32:20Z
QH5YH8LDlIc,Hot ğŸ”¥ğŸ”¥ğŸ‡ºğŸ‡¸ğŸ‡¨ğŸ‡¦ğŸ‡¨ğŸ‡©,2,2025-11-20T11:32:33Z
QH5YH8LDlIc,"â€¦itâ€™s like you from the future or somethingâ€¦ know I sound crazyâ€¦ the stuff I been through lately has me feeling like a little more than usual like something peculiar is going on..ğŸ˜® or maybe Iâ€™m just too â€œfocusedâ€ ifykyk 3:28 , 10:00am Simpson Rd",1,2025-11-19T15:01:21Z
QH5YH8LDlIc,"FKGREY Ã— PSYCHOYP
EMMA TE

OUT ON ğŸ˜‚
AUDIOMACK",0,2025-11-18T15:42:42Z
QH5YH8LDlIc,THIS IS THE ONE 4 ME WRIGHT.... JUST CHANGED UP MY ROUTE....BY MYSELF......,0,2025-11-17T19:56:34Z
QH5YH8LDlIc,For every like I'll do a push up,1,2025-11-17T19:25:31Z
QH5YH8LDlIc,âš¡ğŸ”¥ğŸ™ŒğŸ½,0,2025-11-17T14:16:58Z
QH5YH8LDlIc,Young dolph type beat,0,2025-11-17T08:48:17Z
QH5YH8LDlIc,Bilo da kid real hip hop,0,2025-11-17T02:27:27Z
QH5YH8LDlIc,On the treadmill now Brother I see your growth and â¤it! ğŸ˜˜,0,2025-11-16T17:47:47Z
QH5YH8LDlIc,"My favorite song all 2025, see you in  Johannesburg  Sergio ğŸ˜¢ğŸ˜¢",1,2025-11-16T12:40:28Z
QH5YH8LDlIc,Whatâ€™s the song?,0,2025-11-15T23:42:39Z
QH5YH8LDlIc,Absolutely BANGER,0,2025-11-14T08:03:16Z
QH5YH8LDlIc,50 cent vibes,0,2025-11-14T04:37:48Z
QH5YH8LDlIc,Let's get set,0,2025-11-13T15:06:15Z
QH5YH8LDlIc,ğŸ”ŠğŸ”ŠğŸ”ŠğŸ”ŠğŸ”ŠğŸ”Š,0,2025-11-13T00:37:54Z
QH5YH8LDlIc,Eu nÃ£o vou parar contÃ­nuo na corrida foco no topo sÃ³ penso em vencer ğŸ˜…â¤,0,2025-11-12T21:28:07Z
QH5YH8LDlIc,ğŸ‰ğŸ‰ğŸ‰â¤â¤â¤,0,2025-11-11T16:54:07Z
QH5YH8LDlIc,"This beat is crazy, i ride around song on repeat",0,2025-11-10T23:07:33Z
QH5YH8LDlIc,This beat gives me motivation to  ğŸƒğŸ½â€â™‚ï¸,0,2025-11-10T19:41:43Z
QH5YH8LDlIc,ğŸ’¯,0,2025-11-10T15:42:12Z
QH5YH8LDlIc,For Real For Sure,0,2025-11-10T15:42:05Z
QH5YH8LDlIc,The really dawg Gunna ğŸ˜¢ğŸ˜¢ğŸ˜¢,0,2025-11-10T12:44:45Z
QH5YH8LDlIc,Dm me,0,2025-11-09T23:04:49Z
QH5YH8LDlIc,ğŸ¤² ğŸ™ğŸ½ â¤,0,2025-11-09T21:27:20Z
QH5YH8LDlIc,this is just such a gunna song,0,2025-11-09T15:06:04Z
QH5YH8LDlIc,50 c3nt inspired,0,2025-11-09T05:24:11Z
QH5YH8LDlIc,"Rip  supermega... His verse on this joint would've been, ğŸ”¥ğŸ”¥",0,2025-11-08T09:36:50Z
QH5YH8LDlIc,ğŸ“±ğŸ¶ğŸ¶ğŸ¶ğŸ¶ğŸ†ğŸ“¹,0,2025-11-05T10:54:02Z
QH5YH8LDlIc,Bars ğŸ”¥,0,2025-11-04T08:30:38Z
QH5YH8LDlIc,Gunna do make great music i can't hate,0,2025-11-03T13:49:54Z
QH5YH8LDlIc,Hey that sh$$ BUMPS,0,2025-11-03T09:41:20Z
QH5YH8LDlIc,My GOAT,0,2025-11-03T04:29:52Z
QH5YH8LDlIc,Repeat master,0,2025-11-01T21:41:03Z
QH5YH8LDlIc,Gunna that nigga that boy ain't playing ğŸ˜¯,0,2025-10-31T19:39:32Z
QH5YH8LDlIc,Reminiscence of 50 cent hussle,8,2025-10-31T06:09:51Z
QH5YH8LDlIc,I love  this song,0,2025-10-31T02:45:23Z
QH5YH8LDlIc,Why wuld this guy do a 50 remake,1,2025-10-30T05:04:50Z
QH5YH8LDlIc,Money power and fame ... P star â­,0,2025-10-30T04:50:46Z
QH5YH8LDlIc,This yall goat? Rap has no meaning anymore!,0,2025-10-28T21:36:55Z
QH5YH8LDlIc,Selfish to not mention him on greatest rappers ever list,0,2025-10-28T02:41:48Z
QH5YH8LDlIc,Wunna dem 1's,0,2025-10-26T18:29:08Z
QH5YH8LDlIc,Id use it all for health and farming investments nature and to help evolve the way we treat life and ourselves and resources training all day,0,2025-10-26T14:26:40Z
QH5YH8LDlIc,Germany is with Gunna â¤,0,2025-10-25T17:58:05Z
QH5YH8LDlIc,Amazing visuals ğŸ›¸,0,2025-10-25T11:58:16Z
QH5YH8LDlIc,Wonâ€™t stop what we doing ğŸ˜…ğŸ˜‚ğŸ¤£ğŸ¤£,0,2025-10-25T04:01:37Z
QH5YH8LDlIc,â¤,0,2025-10-24T08:36:10Z
QH5YH8LDlIc,I LOVE GUNNA .Hes elevated and pure art,0,2025-10-23T13:40:25Z
QH5YH8LDlIc,Everything Iâ€™ve heard from gunna past year is straight heat ğŸ”¥ğŸ”¥ğŸ”¥,0,2025-10-23T08:40:35Z
QH5YH8LDlIc,Health is important,2,2025-10-23T02:24:38Z
QH5YH8LDlIc,Blv,0,2025-10-22T16:36:17Z
QH5YH8LDlIc,Song go canâ€™t front ! All u can say he fell out of the jail cell and hit the ground scatting and skit-ing and now he running  with it . Seems like he got better,0,2025-10-21T18:14:36Z
QH5YH8LDlIc,Music with substance,0,2025-10-21T17:41:43Z
QH5YH8LDlIc,ğŸ™ğŸ™Blessings forever  beautiful GOD loves y'all too forever tell everyone you know and don't know. Jesus loves y'all too forever. Teach everyone how to see and enjoy their blessings too foreverğŸ˜Šâ¤â¤,0,2025-10-21T16:09:45Z
QH5YH8LDlIc,love you,0,2025-10-21T15:47:22Z
QH5YH8LDlIc,ğŸ”¥,0,2025-10-21T11:36:25Z
QH5YH8LDlIc,ğŸš°,0,2025-10-21T11:23:31Z
QH5YH8LDlIc,he beat odz bigtime,0,2025-10-20T18:37:19Z
QH5YH8LDlIc,Dear God help it get to where my therapist is able to fill out the cash assistance and it is okay for her to fill it out instead of my psychiatrist having to fill it out and as a result I am approved for cash assistance,0,2025-10-20T15:50:23Z
QH5YH8LDlIc,"Low key at fee , large to leak 

money trees me 

one star ğŸ’« that$ geekedğŸ‰ 
High
At all these cds ğŸ’¿ 
to get  365trillion dollars thats 
It yearly to amount a mound 
the most at tree ta magic 

Ghost money trees not at no crack head just yet to free 

The richest trillionaire money trees the only thing Iâ€™m at to get it",0,2025-10-20T11:17:49Z
QH5YH8LDlIc,Is that capital P building real ?,1,2025-10-19T19:10:32Z
QH5YH8LDlIc,This is another level ğŸ˜‚ Gunna,2,2025-10-19T18:00:36Z
QH5YH8LDlIc,Gunna y0 MFN ass lookin goodğŸ’•keep rockin that micğŸ”¥ğŸ¶,1,2025-10-19T13:30:10Z
QH5YH8LDlIc,This video is unrealğŸ‘€,0,2025-10-19T01:49:12Z
zenpoo--jCw,ğŸ”¥ğŸ”¥ğŸ”¥ğŸ”¥,0,2025-12-22T05:03:29Z
zenpoo--jCw,biggest ispiration,0,2025-12-21T14:56:31Z
zenpoo--jCw,"I ce up my body 
Baby gurl got dame 
Private island all up on my neck got dame
Private business 
I'm fucking check got dam
Man against time 
Had to heal mine 
Heal  my self 
I was on da road 
Baby Locked  in my mind 
I had me a problem 
Use da beat like a line
Reach in dat space and Time 
Tell her what up on yo mind 
They was they playing wit my mind 
Playkng Time 
I Ain't got no time to waste so why would I waste time 
I ain't wasting mine 
I took me a  L 
But I never take a line 
S


Put me on",0,2025-12-20T12:05:23Z
zenpoo--jCw,Ex wife donâ€™t have nothing on Offset especially when he link up with Gunna they make great hits together ğŸ¤ğŸµğŸ’¯â£ï¸ğŸŒ¹,0,2025-12-20T10:21:19Z
zenpoo--jCw,"Ex gunÌˆner ,  approves ğŸ‘Œ",1,2025-12-19T14:21:11Z
zenpoo--jCw,Bruv doesnâ€™t miss. Hit after hit. Aviator. Insane ğŸ”¥ğŸ«°ğŸ»ğŸ”¥,0,2025-12-18T06:08:32Z
zenpoo--jCw,Wow!! piece straight from Nigeria how patriotic to share. Every time someone like my comment Iâ€™ll watch it again ğŸ˜‚ğŸ˜‚ğŸ‰ğŸ‰,2,2025-12-18T05:11:36Z
zenpoo--jCw,We the best now,3,2025-12-16T13:44:29Z
zenpoo--jCw,Gunna been the best in the game for like 4 yrs straight now.,2,2025-12-14T03:22:26Z
zenpoo--jCw,Gunna is better,1,2025-12-12T13:09:03Z
zenpoo--jCw,Gunna ğŸ‰ğŸ‰ğŸ‰ğŸ‰ğŸ‰ğŸ‡ºğŸ‡¸ğŸ‡ºğŸ‡¸ğŸ‡ºğŸ‡¸ğŸ‡ºğŸ‡¸ğŸ‡ºğŸ‡¸,0,2025-12-11T20:25:08Z
zenpoo--jCw,ğŸ™ğŸ¼ğŸ’ªğŸ¼ğŸ’ªğŸ¼ğŸ’ªğŸ¼ğŸ’ªğŸ¼ğŸ’«ğŸ«‚,0,2025-12-10T00:34:33Z
zenpoo--jCw,Genin kg you kill it baba I dey with you 100...... Kingwhattee dey here,0,2025-12-08T20:10:21Z
zenpoo--jCw,I love Gunna as an Artists,0,2025-12-08T14:18:59Z
zenpoo--jCw,Proud of gunna like we related ğŸ’¯,0,2025-12-07T13:37:39Z
zenpoo--jCw,Gunna went in. I bet Thug be riding to this ğŸ˜‚,0,2025-12-06T07:34:14Z
zenpoo--jCw,I need a billion dollars got damn,2,2025-12-05T16:30:48Z
zenpoo--jCw,He WUN,0,2025-12-04T19:23:16Z
zenpoo--jCw,ğŸ”¥ğŸ”¥ can't wait to see gunna perform live in Johannesburg ğŸ‰,0,2025-12-03T05:04:14Z
zenpoo--jCw,got it,1,2025-12-02T20:45:41Z
zenpoo--jCw,Still a hit in 2025 ğŸ‘Œ,0,2025-12-02T17:16:22Z
zenpoo--jCw,02/12/2025... o/,0,2025-12-02T14:19:23Z
zenpoo--jCw,2025 2nd of Dec we hre listening to this ğŸ”¥ track,0,2025-12-02T13:59:05Z
zenpoo--jCw,Hardest video Iâ€™ve seen all year ğŸ’«,0,2025-12-02T01:18:35Z
zenpoo--jCw,ğŸ”¥ğŸ”¥,0,2025-12-01T14:55:15Z
zenpoo--jCw,Whatâ€™s the song called?,0,2025-12-01T06:13:32Z
zenpoo--jCw,As a yb fan I need a collab fuck 69 nglğŸ˜‚ğŸ˜‚ğŸ˜‚,0,2025-11-29T08:12:32Z
zenpoo--jCw,This song is dope ğŸ‘ŒğŸ‘Œ got Dammmm!!!,0,2025-11-28T15:16:51Z
zenpoo--jCw,Sleep ğŸ˜´,0,2025-11-27T01:38:49Z
zenpoo--jCw,Michael Gordon here 2025,0,2025-11-27T01:38:35Z
zenpoo--jCw,â¤â¤â¤,0,2025-11-27T01:38:19Z
zenpoo--jCw,Got damn need lil baby & thug on this,0,2025-11-26T20:58:20Z
zenpoo--jCw,Gunnaâ¤,0,2025-11-26T10:27:42Z
zenpoo--jCw,Who is here on November 24th 2025,13,2025-11-24T07:45:36Z
zenpoo--jCw,Damn I'm back again ğŸ˜®,1,2025-11-23T22:26:55Z
zenpoo--jCw,Today  it's sunday 23 November,0,2025-11-23T16:50:13Z
zenpoo--jCw,am here,0,2025-11-23T16:46:26Z
zenpoo--jCw,Gunna to the world,0,2025-11-23T05:36:28Z
zenpoo--jCw,workout song ğŸ˜¤ğŸ”¥,1,2025-11-22T17:10:07Z
zenpoo--jCw,One of my fav gunna tracks. Sounds like evening after a long shift,0,2025-11-22T16:56:01Z
zenpoo--jCw,Why bro snitched young thug,0,2025-11-21T01:37:42Z
zenpoo--jCw,This my all time favorite gunna song he should get a Grammy award for this song,0,2025-11-16T21:03:03Z
zenpoo--jCw,To my soul â¤â¤â¤,0,2025-11-16T10:31:38Z
zenpoo--jCw,God Damn ! â¤ï¸â€ğŸ”¥ğŸ›âœï¸,0,2025-11-15T11:08:30Z
zenpoo--jCw,"So good, clap ğŸ‘ğŸ‘ğŸ‘",1,2025-11-15T10:51:13Z
zenpoo--jCw,ğŸ”¥ğŸ”¥ğŸ”¥,0,2025-11-14T14:20:31Z
zenpoo--jCw,December 2026,2,2025-11-12T20:09:19Z
zenpoo--jCw,here today as usual,2,2025-11-12T09:35:16Z
zenpoo--jCw,"Niggas better be scared of gun wunna after the last one ,if this guy can do this without turbo ahhh ğŸ˜‚ğŸ…¿ï¸ğŸ‘‘..and also the producer nah dawg Lit â¤ï¸ğŸ’œ",1,2025-11-11T21:40:33Z
zenpoo--jCw,"Ahh you see here ,gunna was on full rockstar mode ğŸ…¿ï¸",1,2025-11-11T21:34:13Z
zenpoo--jCw,Hey Mr. Gunna I just want to let you know good morning to you from Beaumont Texas to BMT this is David Johnson I'm jamming your music every last one of your videos right now laid back hey man you got it going on you is like the number one biggest rapper coming right now you didn't came back since you didn't come out that Federal detention center man you've been doing it up and I can't help but damn your music everyday all day when I wake up in the morning I'm just letting you know let me know you getting my messages man because I cut for you from the BMT Beaumont Texas I salute you brother,2,2025-11-11T16:09:03Z
zenpoo--jCw,ğŸ”¥ğŸ”¥ğŸ”¥ğŸ”¥ğŸ”¥,1,2025-11-10T06:55:31Z
zenpoo--jCw,Whatâ€™s the song?,1,2025-11-09T05:38:52Z
zenpoo--jCw,ğŸ”¥ğŸ”¥,0,2025-11-07T20:00:41Z
zenpoo--jCw,Novembro ğŸ¤–,1,2025-11-07T11:27:31Z
zenpoo--jCw,Schaeferâ¤â¤,0,2025-11-06T21:47:30Z
zenpoo--jCw,My best Gunna song,15,2025-11-06T16:04:06Z
zenpoo--jCw,Love this manâ€™s aura ğŸ”¥,2,2025-11-04T19:00:05Z
zenpoo--jCw,I can tell who's gon get f*cked tonight,1,2025-11-04T18:58:17Z
zenpoo--jCw,Ya im its tree god d a m n ğŸ”¥,0,2025-11-04T13:25:54Z
zenpoo--jCw,November 2025,1,2025-11-03T13:21:11Z
zenpoo--jCw,November 2nd,0,2025-11-03T13:03:33Z
zenpoo--jCw,I'm playing this song when I make it,0,2025-11-02T15:47:46Z
zenpoo--jCw,Whoâ€™s here November 2025?,2,2025-11-02T01:29:58Z
zenpoo--jCw,Best Gunna Song GOT DAMNN ğŸ”¥ğŸ”¥ğŸ”¥ğŸ”¥,0,2025-10-31T01:58:23Z
zenpoo--jCw,GOT DAMN this fire !,1,2025-10-30T19:37:44Z
zenpoo--jCw,Does sexy girls GOTdamn ğŸ˜¤,0,2025-10-30T11:20:47Z
zenpoo--jCw,hard,1,2025-10-30T08:43:33Z
zenpoo--jCw,do y'all listening to this GotDAmn?,1,2025-10-30T04:31:55Z
zenpoo--jCw,We hre Gunna i want my ğŸ™,0,2025-10-29T17:54:50Z
zenpoo--jCw,November 2025?,1,2025-10-29T16:36:14Z
zenpoo--jCw,GOT DAMN,0,2025-10-28T22:49:40Z
zenpoo--jCw,nul,0,2025-10-28T22:18:46Z
zenpoo--jCw,Ja znam sta me ceka sutrra cut a head off. Nije vasa buducnost mozes li da me kupis.,0,2025-10-27T20:07:51Z
zenpoo--jCw,Gunna is great,0,2025-10-27T17:48:35Z
zenpoo--jCw,I cant get rest GOT DAMN,0,2025-10-26T18:37:20Z
zenpoo--jCw,October 2025 like this if ur here,0,2025-10-26T03:06:07Z
zenpoo--jCw,he look so good now ğŸ˜Œ,0,2025-10-25T22:00:51Z
zenpoo--jCw,"I got demonds late Night, I gotta face it ğŸ’¯",0,2025-10-25T21:14:13Z
zenpoo--jCw,Watching this master piece again in October 2025 ğŸ‡³ğŸ‡¬,0,2025-10-25T07:47:57Z
zenpoo--jCw,24 October 2025 anyoneğŸ§,0,2025-10-24T18:52:23Z
zenpoo--jCw,21/10/2025 o/,0,2025-10-21T16:43:12Z
zenpoo--jCw,This is good,0,2025-10-19T18:07:57Z
zenpoo--jCw,"Whose here 19 October 2025 
@gunna this song is making me go crazy ğŸ˜‚ love you all the way from Zimbabwe",2,2025-10-19T00:00:54Z
zenpoo--jCw,ğŸ¥°ğŸ¥°,0,2025-10-18T18:00:19Z
zenpoo--jCw,"2:13 way she gave that neck ... trim
Sheeeeeeesh someone tell me it's made on purpose",0,2025-10-17T19:44:35Z
zenpoo--jCw,This song is ğŸ†’ GOT DAMN!,0,2025-10-17T10:00:12Z
zenpoo--jCw,Got damn!,0,2025-10-16T17:35:05Z
zenpoo--jCw,My fart makes more sense than these so called lyrics.,0,2025-10-16T16:42:06Z
zenpoo--jCw,Cape town wetting on this one!!ğŸ”¥,0,2025-10-16T09:06:03Z
zenpoo--jCw,Cape town wetting on this one!!ğŸ”¥,0,2025-10-16T09:06:03Z
zenpoo--jCw,OCTOBER 15TH 2025 STILL ğŸ”¥,0,2025-10-15T12:32:55Z
zenpoo--jCw,Oct 15 2025 @ 4:27am ğŸ’€,0,2025-10-15T03:27:01Z
zenpoo--jCw,Gunna is owed apology for defamation of character,2,2025-10-14T03:02:49Z
zenpoo--jCw,Thank you for great music,1,2025-10-14T00:40:13Z
zenpoo--jCw,Who here october 12 2025,3,2025-10-12T22:01:36Z
zenpoo--jCw,Whoâ€™s here in October 11 2025 â¤,10,2025-10-11T22:02:51Z
zenpoo--jCw,Got damnğŸ¦…,1,2025-10-10T20:56:54Z
zenpoo--jCw,I want my Respect Got Damn ğŸ”¥ğŸ”¥ğŸ—£ï¸,1,2025-10-09T13:02:21Z
zenpoo--jCw,"Je suis toujours lÃ  ğŸ‰â¤
MÃªme si je ne comprends pas anglais mais j'adore cette chanson ğŸ‰â¤",1,2025-10-09T10:59:48Z
w7Wf0h1Q8a4,Him being locked up changed him I like it,0,2025-12-22T14:34:56Z
w7Wf0h1Q8a4,we need from netflix movie with gunnağŸ¥¶,0,2025-12-22T09:07:09Z
w7Wf0h1Q8a4,"""I need We time ""  true statement when a other half",0,2025-12-21T22:31:49Z
w7Wf0h1Q8a4,shit is fire gang!!,0,2025-12-21T17:44:24Z
w7Wf0h1Q8a4,"U got money, but u only donated 12thou..lmao",0,2025-12-21T16:29:51Z
w7Wf0h1Q8a4,Bro I didnâ€™t even used to like gunna. He has surpassed baby and thugga easily,0,2025-12-21T14:00:09Z
w7Wf0h1Q8a4,Amo mÃºsica com 808 predominante. ğŸ”¥ğŸ¤ŸğŸ½,1,2025-12-21T03:03:06Z
w7Wf0h1Q8a4,â¤ would ğŸ˜‚ğŸ˜‚ğŸ˜‚ğŸ˜‚ğŸ˜‚,0,2025-12-20T18:42:41Z
w7Wf0h1Q8a4,Cant understand him lol ğŸ˜‚,0,2025-12-20T13:19:39Z
w7Wf0h1Q8a4,Golf for me ğŸ˜…ğŸ˜®ğŸ‰,0,2025-12-20T12:59:11Z
w7Wf0h1Q8a4,THIS FIRE,0,2025-12-20T05:19:06Z
w7Wf0h1Q8a4,ğŸŒ¹ğŸŒ¹ğŸŒ¹ğŸŒ¹ğŸ¥°,0,2025-12-19T01:50:33Z
w7Wf0h1Q8a4,This shit be on repeat ğŸ’¯ğŸ”¥ğŸ”¥ğŸ”¥ğŸ˜‚,0,2025-12-18T08:42:42Z
w7Wf0h1Q8a4,Gunna blessed with talent foshiw,0,2025-12-18T06:39:20Z
w7Wf0h1Q8a4,Mr donâ€™t miss ğŸ˜¤ğŸ˜¤ğŸ˜¤,1,2025-12-18T01:56:30Z
w7Wf0h1Q8a4,Him all along ğŸ§©,2,2025-12-17T11:42:35Z
w7Wf0h1Q8a4,On repeat rn ğŸ’¯ğŸ”¥ğŸ”¥,3,2025-12-17T09:34:40Z
w7Wf0h1Q8a4,This track be hittin different with headphones on while joggin at the gym treadmill.,3,2025-12-17T07:51:38Z
w7Wf0h1Q8a4,He did that,0,2025-12-17T07:02:34Z
w7Wf0h1Q8a4,They can say whatever gunna be putting up,2,2025-12-17T06:58:29Z
w7Wf0h1Q8a4,"Can't deny Gunna been in his bag since day one, but that HIPVIEWS DAWT CAWM boost is on another level! Dudeâ€™s literally unstoppable now. ğŸ”¥ğŸ’¥",7,2025-12-16T17:51:32Z
w7Wf0h1Q8a4,Bro made a simple melody go SO FKN HARDğŸ˜¤ğŸ”¥ğŸ”¥ğŸ”¥ğŸ”¥ğŸ”¥,1,2025-12-16T16:44:31Z
w7Wf0h1Q8a4,Such a banger,2,2025-12-16T07:43:40Z
w7Wf0h1Q8a4,Gunna the fruu got,0,2025-12-15T14:20:40Z
w7Wf0h1Q8a4,Gunna the boss,0,2025-12-15T14:18:55Z
w7Wf0h1Q8a4,Bottom Half,0,2025-12-15T04:47:43Z
w7Wf0h1Q8a4,brianaaağŸ˜,0,2025-12-14T14:30:15Z
w7Wf0h1Q8a4,ğŸ”¥ğŸ”¥ğŸ”¥,0,2025-12-14T00:46:12Z
w7Wf0h1Q8a4,ğŸªˆ flute going crazy,0,2025-12-13T10:37:12Z
w7Wf0h1Q8a4,ğŸ”¥ğŸ¥º,0,2025-12-13T09:43:09Z
w7Wf0h1Q8a4,2025!,0,2025-12-13T08:31:55Z
w7Wf0h1Q8a4,10/10,0,2025-12-12T18:35:15Z
w7Wf0h1Q8a4,this is new era..21 fat savage,0,2025-12-12T11:32:20Z
w7Wf0h1Q8a4,legend,2,2025-12-11T21:34:04Z
w7Wf0h1Q8a4,Gunna ğŸ‰ğŸ‰ğŸ‰ 2025  fesati o ano,0,2025-12-11T20:21:08Z
w7Wf0h1Q8a4,Whatâ€™s this song called?,0,2025-12-11T17:36:03Z
w7Wf0h1Q8a4,DÃ©cembre 2025 Libreville Gabon 13 h 49mnâœŒï¸,0,2025-12-11T12:49:48Z
w7Wf0h1Q8a4,Thank God I'm HIM,0,2025-12-11T08:50:19Z
w7Wf0h1Q8a4,ğŸ’ªğŸ’ğŸŒ€âš–ï¸ğŸ›¸âš¡ï¸ğŸ’¯ğŸ¥â˜‚ï¸ğŸ‘½ğŸ‘,1,2025-12-11T03:59:24Z
w7Wf0h1Q8a4,ğŸ‘ğŸ¿ğŸ‘ğŸ¿ğŸ”¥,0,2025-12-11T02:31:13Z
w7Wf0h1Q8a4,If you haven't you gotta hear this song inside a arena ğŸ’¯ shit different ...........,2,2025-12-10T21:44:24Z
w7Wf0h1Q8a4,Deep mellow,0,2025-12-10T20:35:08Z
w7Wf0h1Q8a4,â¤HD for the help enjoy your day,0,2025-12-10T15:47:30Z
w7Wf0h1Q8a4,Gunna has no bars no cap is the melody for me,1,2025-12-10T15:11:36Z
w7Wf0h1Q8a4,Amazing song!,0,2025-12-08T16:58:22Z
w7Wf0h1Q8a4,Big cuhh ğŸ’ªğŸ’ªğŸ‡²ğŸ‡½ğŸ™ğŸ’™,0,2025-12-08T02:22:41Z
w7Wf0h1Q8a4,ğŸ”¥ğŸ¤¢,0,2025-12-07T08:09:06Z
w7Wf0h1Q8a4,Goat,0,2025-12-07T03:43:41Z
w7Wf0h1Q8a4,Ian know was rollin 60â€™s till I seen this,0,2025-12-06T23:07:34Z
w7Wf0h1Q8a4,Love the music,0,2025-12-06T23:01:39Z
w7Wf0h1Q8a4,â¤God bless you gunnaâ¤â¤,0,2025-12-06T11:36:10Z
w7Wf0h1Q8a4,"1:42 , What is that ?",0,2025-12-05T01:22:29Z
w7Wf0h1Q8a4,Finally back homeğŸ,1,2025-12-03T19:52:37Z
w7Wf0h1Q8a4,I am him.,0,2025-12-03T15:15:24Z
w7Wf0h1Q8a4,Adam Denzel Arringtonâ€¦.,1,2025-12-03T15:04:52Z
w7Wf0h1Q8a4,â€œMcDonaldâ€™s at home daddy name Ronaldâ€ ğŸ”¥ğŸ”¥ğŸ”¥,0,2025-12-03T00:08:46Z
w7Wf0h1Q8a4,Gunna always wunnağŸ‘ŠğŸ¼ğŸ‘ŠğŸ¼,3,2025-12-02T22:50:48Z
w7Wf0h1Q8a4,"Been alone in this journey to greatness 
Jst God by my side 
Stay focused",1,2025-12-02T11:10:29Z
w7Wf0h1Q8a4,Gucci mane fr chris brown Town  down ğŸ˜‚ğŸ˜‚ğŸ˜‚ğŸ˜‚ğŸ˜‚ğŸ˜‚,0,2025-12-01T22:57:25Z
w7Wf0h1Q8a4,Facts gunna was ysl whole career. Get em gunna we really who it was.,0,2025-11-29T15:44:24Z
w7Wf0h1Q8a4,Who dat lookin like Wham at 00:47? ğŸ˜‚â¤,0,2025-11-29T01:54:04Z
w7Wf0h1Q8a4,What album is this from? I need that whole vibe in my soul.,0,2025-11-28T19:04:42Z
w7Wf0h1Q8a4,hard,0,2025-11-28T10:09:55Z
w7Wf0h1Q8a4,Damn,0,2025-11-27T18:07:41Z
w7Wf0h1Q8a4,Gunna back home from jail broğŸ‘ŠğŸ½ğŸ›«,0,2025-11-27T12:00:22Z
w7Wf0h1Q8a4,AMEN,0,2025-11-27T06:01:48Z
w7Wf0h1Q8a4,Whatâ€™s the outro song?,0,2025-11-26T17:56:12Z
w7Wf0h1Q8a4,Bless this man,8,2025-11-26T17:49:23Z
w7Wf0h1Q8a4,Everything is face value nothing more.,0,2025-11-26T16:28:30Z
w7Wf0h1Q8a4,ReaL it was written guNna neW it wAs uP .whn slat told hiM he reather him Be hOme theN botH of theM 2 sit`reAl I beeN neW wHat waS uP gunNa neW thUgGeR everysince he wAs young the proof is in the puddinG lOok aT that  100 bands video wit thUgGeR N you'll seE uhh youngEr wUnNağŸ’¯ğŸ’¯ğŸ’¯ğŸ‘ğŸ¼,0,2025-11-26T15:02:44Z
w7Wf0h1Q8a4,"'knew we sold out the barclay, now we gone sell out the garden' ğŸ¤¯ğŸ’¥",6,2025-11-25T16:12:59Z
w7Wf0h1Q8a4,This nice song remind me a lot ğŸ”¥,2,2025-11-24T15:04:31Z
w7Wf0h1Q8a4,When I go to Panama City Panama  Iâ€™m go play on my story showing my @$$ this nigga influence me ğŸ’¯ğŸ’¯ğŸ’¯ğŸ’¯,0,2025-11-24T04:35:37Z
w7Wf0h1Q8a4,1:34 came here to say he really did manifest selling out Madison Square Garden in NYC. ğŸ”¥ğŸ”¥ğŸ”¥ best concert ever!! 11/22/25 ğŸ‘ŒğŸ¼ğŸ˜®â€ğŸ’¨,12,2025-11-24T02:52:21Z
w7Wf0h1Q8a4,the goat! i love his music â¤,0,2025-11-23T20:49:02Z
w7Wf0h1Q8a4,This song made me a Gunna fan ğŸ”¥,0,2025-11-23T20:18:22Z
w7Wf0h1Q8a4,You in africeh,0,2025-11-23T17:53:50Z
w7Wf0h1Q8a4,That kind of paranoia is real,0,2025-11-23T03:15:12Z
w7Wf0h1Q8a4,Gunna killin. The end part is like sunset after a hard day's work,2,2025-11-22T16:42:00Z
w7Wf0h1Q8a4,He was really him along ğŸ˜‚,9,2025-11-22T11:33:40Z
w7Wf0h1Q8a4,Hi Anava ğŸ’– ğŸŒ€â™¾ï¸ğŸ«‚,0,2025-11-22T06:51:09Z
w7Wf0h1Q8a4,This sh!t ğŸ”¥,0,2025-11-21T21:05:04Z
w7Wf0h1Q8a4,"â€œYou can do it too. Thatâ€™s what itâ€™s about.â€
Amen ğŸ™ğŸ¾ğŸ’œâœ¨",0,2025-11-21T13:40:07Z
w7Wf0h1Q8a4,It's *Kup phones fuckezz should t be and no I am not ready yet my phone needs to stay working people playing games and for some reason it has to keep getting broke every time I get a new one can you fix my screen,0,2025-11-20T19:33:06Z
w7Wf0h1Q8a4,My 4ever motivation song,0,2025-11-20T17:55:00Z
w7Wf0h1Q8a4,I do what they don't!! Steady trying to stunt my growth!! ğŸ’ªğŸ½â¤â¤â¤i be steady chasing my goals I been her along!!! â¤ï¸,0,2025-11-20T17:54:15Z
w7Wf0h1Q8a4,ğŸ˜¤ğŸ«¡,0,2025-11-20T15:37:49Z
w7Wf0h1Q8a4,Man!!! Why u crash that golf cart like that !! ğŸ˜‚ damn â€¦ him all along!!,0,2025-11-20T14:12:46Z
w7Wf0h1Q8a4,ğŸ‰â¤ğŸ‰ğŸ’¯ğŸ”¥ still beating and alive capital is the soul,0,2025-11-20T08:23:55Z
w7Wf0h1Q8a4,Right On ğŸ‘ Mike Epps.. Great Game you gave Jimmy can't wait to hear that fire ğŸ”¥ ass remix is gone be dope ..Jonez!,0,2025-11-19T15:32:50Z
w7Wf0h1Q8a4,The horses actually go hard ğŸ˜…ğŸ”¥ğŸ”¥ğŸ”¥ğŸ”¥ğŸ”¥,7,2025-11-18T14:30:21Z
w7Wf0h1Q8a4,Him,1,2025-11-18T09:41:11Z
w7Wf0h1Q8a4,This shit ğŸ”¥ fire not gonna lie.,0,2025-11-18T04:04:33Z
w7Wf0h1Q8a4,On bro Iâ€™m at least 1M of those views ğŸ˜‚ this shit my motivationâŒğŸ§¢,3,2025-11-17T17:57:00Z
w7Wf0h1Q8a4,Master piece ğŸ™ğŸ½ğŸ,1,2025-11-16T22:31:47Z
w7Wf0h1Q8a4,My new golf anthem lol ğŸ˜†,0,2025-11-16T21:55:08Z
w7Wf0h1Q8a4,When the hairs on the back of your neck stand up! Wow,0,2025-11-16T15:22:09Z
w7Wf0h1Q8a4,It's tamarez dawg wya I'm on 6th by AutoZone n circle k,0,2025-11-15T15:42:47Z
w7Wf0h1Q8a4,Grr measures from offsetğŸ˜ŠğŸ˜Š,0,2025-11-15T09:31:47Z
w7Wf0h1Q8a4,I was him all along God damn I surprised myself haha jk never that little guy hhah,0,2025-11-15T02:03:54Z
ulGLk8TaXcI,Great song. Inspiring video too,0,2025-12-22T13:31:34Z
ulGLk8TaXcI,I aint been eating no bs,0,2025-12-09T16:42:07Z
ulGLk8TaXcI,today i did good,0,2025-12-06T05:04:47Z
ulGLk8TaXcI,"Beautiful song
Jesus is king",0,2025-12-05T10:57:21Z
ulGLk8TaXcI,Family !  ğŸ¦ğŸ™ğŸ›,0,2025-12-03T22:26:39Z
ulGLk8TaXcI,Very relatable record. Letâ€™s frickinâ€™ go GunnağŸ¤˜ğŸ»ğŸ¤˜ğŸ»ğŸ’ªğŸ»ğŸ”¥ğŸ’¯!!! Motivation for life letâ€™s get it!,0,2025-11-27T20:29:52Z
ulGLk8TaXcI,Iâ€™m still here ğŸ’¯ğŸ’¯,0,2025-11-21T18:32:11Z
ulGLk8TaXcI,I love this song!,0,2025-11-21T11:09:58Z
ulGLk8TaXcI,ğŸ–¤ğŸ”¥,0,2025-11-21T07:32:27Z
ulGLk8TaXcI,WUNNAğŸ€,0,2025-11-16T23:03:02Z
ulGLk8TaXcI,me to Gunna,1,2025-11-15T02:28:49Z
ulGLk8TaXcI,"Let's go wunna, One of Wun, this is not the Last wun",0,2025-11-11T03:43:53Z
ulGLk8TaXcI,Fire today ğŸ’ªğŸ¾ğŸ’ªğŸ¾ğŸ’ªğŸ¾ğŸ’ªğŸ¾ğŸ’ªğŸ¾,1,2025-11-09T22:49:43Z
ulGLk8TaXcI,Who's here today? ğŸ‘‹,1,2025-11-04T21:07:32Z
ulGLk8TaXcI,Gunna Wunna ğŸ”¥ğŸ”¥,0,2025-11-04T19:15:42Z
ulGLk8TaXcI,piece of art,0,2025-11-01T12:30:45Z
ulGLk8TaXcI,â¤,0,2025-10-30T10:42:09Z
ulGLk8TaXcI,I love this song.,0,2025-10-24T19:39:14Z
ulGLk8TaXcI,Jesus Christ is Lord & He's coming soon â™¥ï¸ğŸ™ğŸ¼ğŸ‘‘,0,2025-10-23T20:48:19Z
ulGLk8TaXcI,I thank TROUP for bring gunna to the lime light .. RIP TROUP we rocking with gunna till the end of time,0,2025-10-23T03:03:42Z
ulGLk8TaXcI,"2025, I'm still listening to this song",0,2025-10-19T15:30:42Z
ulGLk8TaXcI,This make me wanna go out and get a bag rnğŸ™ŒğŸ½ğŸ’°,1,2025-10-18T19:33:47Z
ulGLk8TaXcI,Thank you for this one Tjay ğŸ”¥ğŸ”¥ğŸ‡¿ğŸ‡²ğŸ‡¿ğŸ‡²â¤ï¸,0,2025-10-17T05:10:02Z
ulGLk8TaXcI,Did good indeedğŸ¦,0,2025-10-12T19:08:33Z
ulGLk8TaXcI,ğŸ˜®ğŸ˜®ğŸ˜® woah ğŸ˜®,0,2025-09-26T07:37:55Z
ulGLk8TaXcI,Sep 2025 ğŸ¤šğŸ”¥,0,2025-09-18T16:22:35Z
ulGLk8TaXcI,My new favorite artist fr,0,2025-09-17T14:54:34Z
ulGLk8TaXcI,No matter what; make sure you keep having money ğŸ’°ğŸ‡³ğŸ‡¬ğŸ‡³ğŸ‡¬ğŸ’¯â¤ï¸,0,2025-09-16T19:12:48Z
ulGLk8TaXcI,â¤â¤â¤ğŸ˜Š,0,2025-09-16T14:08:03Z
ulGLk8TaXcI,Respect for gunnaâ¤,0,2025-09-15T12:09:56Z
ulGLk8TaXcI,I ainâ€™t eating no Bull****,0,2025-09-09T23:01:47Z
ulGLk8TaXcI,Thank God every morning but iâ€™m not rich yet,2,2025-09-06T18:45:03Z
ulGLk8TaXcI,Iâ€™m a real thug fan before icfn and this ainâ€™t it ngl like wtf is you talking bout..ğŸ˜‚ğŸ˜‚ğŸ˜‚ I did what I did.. yea you did wrong!,1,2025-09-06T07:47:52Z
ulGLk8TaXcI,Sheets & Covers mixtape.. OTW,1,2025-09-04T23:06:44Z
ulGLk8TaXcI,Top,1,2025-09-03T09:33:21Z
ulGLk8TaXcI,Inspired!,1,2025-09-01T07:26:01Z
ulGLk8TaXcI,Yah feel me music,1,2025-08-31T11:03:16Z
ulGLk8TaXcI,Everything hi-K even wen you low undercover ğŸ‰,2,2025-08-29T09:47:36Z
ulGLk8TaXcI,I feel like Gunna is trying to turn to God. Pray for himğŸ™,10,2025-08-28T12:14:10Z
ulGLk8TaXcI,Who saw the artworks at the end of the video,0,2025-08-25T21:47:22Z
ulGLk8TaXcI,Type shiiâ¤,1,2025-08-22T17:18:53Z
ulGLk8TaXcI,Probably the best rayban camera videos Iâ€™ve seen yet ğŸ’ªâ™¨ï¸,0,2025-08-20T16:56:42Z
ulGLk8TaXcI,"""I ain't been eating no BS"" ğŸ”¥âœŠğŸ½",0,2025-08-19T21:30:00Z
ulGLk8TaXcI,Trash,0,2025-08-17T21:03:53Z
ulGLk8TaXcI,Everyday I listen to this motivation at its best,0,2025-08-17T11:15:39Z
ulGLk8TaXcI,did bro have camera in his glassesğŸ˜… ğŸ”¥,0,2025-08-15T20:53:26Z
ulGLk8TaXcI,â¤â€ğŸ”¥,0,2025-08-15T02:22:57Z
ulGLk8TaXcI,Why canâ€™t I hear this shit on Apple Music ???,0,2025-08-15T01:13:05Z
ulGLk8TaXcI,Video ğŸ¤¢,1,2025-08-14T08:35:28Z
ulGLk8TaXcI,ALHAMDULILLAH ğŸ¤²ğŸ¾  AMEN ğŸ™ğŸ¾,1,2025-08-13T11:22:49Z
ulGLk8TaXcI,1:01 Mzansi WYA?ğŸ‡¿ğŸ‡¦ğŸ§˜ğŸ¾â€â™‚ğŸ’œshow some love...,13,2025-08-12T17:37:30Z
ulGLk8TaXcI,Gunna in  SA for the Tyla 'JUMP ' music video is an inspiration to the kids,0,2025-08-11T08:22:26Z
ulGLk8TaXcI,SÃ³ vim deixar isso aqui ğŸ“ğŸ‡¦ğŸ‡´,0,2025-08-10T22:56:59Z
ulGLk8TaXcI,S/O2 all IG models. Keep going ğŸ’‹ğŸ’„âœŠğŸ¾ğŸŒˆğŸšï¸ğŸ©·,0,2025-08-10T13:40:34Z
ulGLk8TaXcI,WE LOVE YOU IN THE MOTHERLANDâ¤,0,2025-08-09T17:26:22Z
ulGLk8TaXcI,Did you did good today y'all?,1,2025-08-09T04:04:36Z
ulGLk8TaXcI,This shi too tuff,0,2025-08-08T22:49:16Z
ulGLk8TaXcI,He can just say dat ğŸ¤·â€â™‚ï¸ğŸ˜‚,0,2025-08-08T11:13:01Z
ulGLk8TaXcI,Trip to the motherland â¤,0,2025-08-06T08:08:19Z
ulGLk8TaXcI,â¤â¤,0,2025-08-05T21:25:34Z
ulGLk8TaXcI,ğŸ’¯,0,2025-08-04T01:27:28Z
ulGLk8TaXcI,hands down this song hits different,0,2025-08-03T17:30:16Z
ulGLk8TaXcI,Lowkey one of the coldest drops this year,1,2025-08-02T22:39:06Z
ulGLk8TaXcI,bro's music is actually aspirational,0,2025-08-02T09:08:23Z
ulGLk8TaXcI,ğŸ˜®ğŸ˜¯ğŸ˜² one of the best songs in my life ğŸ§¬,0,2025-07-31T00:09:19Z
ulGLk8TaXcI,Love Gunna â™¥ï¸,0,2025-07-30T22:19:40Z
ulGLk8TaXcI,Rahina was here...Sami made me love this song â¤â¤â¤...,0,2025-07-30T17:37:57Z
ulGLk8TaXcI,yoooo man that video was lit that actually felt like it was ME,0,2025-07-30T07:48:13Z
ulGLk8TaXcI,Just came back from gym went after i heard this my athem to get me up grown n development am tryna stop drinking,0,2025-07-28T21:08:54Z
ulGLk8TaXcI,"0:03 ""It's 10 P.M. in Atlanta, where I'm at, it's four in the morn' ""

I think Wunna was in Italy wrote that bar in him along",0,2025-07-27T15:21:32Z
ulGLk8TaXcI,Gunna finna be here for a minute on God,0,2025-07-26T08:53:35Z
ulGLk8TaXcI,I hate this  ğŸ˜‚ğŸ˜‚ kendrick needs to know ğŸ˜¢ğŸ˜¢,0,2025-07-25T19:20:41Z
ulGLk8TaXcI,"What is this now ""in my ancestors viice",0,2025-07-25T13:58:42Z
ulGLk8TaXcI,I feel it into EG,0,2025-07-23T23:09:36Z
ulGLk8TaXcI,Love this song itâ€™s a good vibing album,0,2025-07-23T13:12:19Z
ulGLk8TaXcI,This how I start my day with this motivation right hereğŸ˜Š,0,2025-07-20T13:02:07Z
ulGLk8TaXcI,Kartel  sound better his part,0,2025-07-16T01:00:10Z
ulGLk8TaXcI,Today I Did Good,0,2025-07-15T22:20:04Z
ulGLk8TaXcI,Gunna make some fire music for sure. Who else here on a Sunday in July? â¤,1,2025-07-13T17:14:09Z
ulGLk8TaXcI,That Hillbrow sceneâ¤2198,0,2025-07-13T08:10:25Z
ulGLk8TaXcI,Me,0,2025-07-12T18:12:53Z
ulGLk8TaXcI,ğŸ…¿ï¸ğŸ…¿ï¸ğŸ…¿ï¸ğŸ…¿ï¸ğŸ…¿ï¸ğŸ…¿ï¸ğŸ…¿ï¸,0,2025-07-11T19:54:39Z
ulGLk8TaXcI,Gunna always do wondersğŸ”¥,0,2025-07-11T12:18:41Z
ulGLk8TaXcI,This song is my motivation everyday ğŸ•ºğŸ¿ğŸ¥¶,0,2025-07-11T05:26:12Z
ulGLk8TaXcI,The Flow is immaculate ğŸ”¥,0,2025-07-05T06:47:32Z
ulGLk8TaXcI,Keep cooking bro forget the fake one just win â¤,1,2025-07-05T02:01:57Z
ulGLk8TaXcI,@gunna I remember when you dropped your music on SoundCloud with the green album cover with slime. Haha them old days â¤,0,2025-07-04T16:16:31Z
ulGLk8TaXcI,thanks for this boss!,0,2025-07-02T14:15:47Z
ulGLk8TaXcI,"I really did good TODAY,and also been good by,,,,,,,,,,,,.....Today I DID GOODğŸ˜ğŸ˜ğŸ˜",0,2025-06-30T01:55:20Z
ulGLk8TaXcI,Where the lyrics tho?,0,2025-06-28T23:35:59Z
ulGLk8TaXcI,Malice come back on a whole different wave,1,2025-06-27T04:45:48Z
ulGLk8TaXcI,2025 people,2,2025-06-26T13:53:59Z
ulGLk8TaXcI,your first nut never existed...never happened ya virgins,0,2025-06-21T15:47:26Z
ulGLk8TaXcI,This what honest and genuine success and support look like ğŸ’¯ğŸ¤«,0,2025-06-18T14:12:08Z
ulGLk8TaXcI,Gunna is who Roddy Rich would have been,0,2025-06-17T22:13:23Z
ulGLk8TaXcI,"Heâ€™s literally telling us how heâ€™s living now stay off the streets and focus on the bigger picture. Growth, peace, and elevation. Respect to Gunna for staying true and moving smart.",57,2025-06-17T11:10:25Z
ulGLk8TaXcI,Where is his motherland frr ğŸ˜®,0,2025-06-15T19:01:46Z
ulGLk8TaXcI,This song inspired me to become better in life. Thanks Gunna,0,2025-06-13T17:44:24Z
ulGLk8TaXcI,No guns drugs or anything wild or negative in the song I fw this heavy . Stay positive yall,0,2025-06-11T09:31:25Z
ulGLk8TaXcI,Today I did good â™ ï¸ğŸ˜,0,2025-06-10T19:21:16Z
w_JtBYqMgk8,"Who is here 2025ğŸ”¥ğŸ”¥ğŸ”¥

Can't deny Gunna been in his bag since day one, but that HIPVIEWS DAWT CAWM boost is on another level! Dudeâ€™s literally unstoppable now. ğŸ”¥ğŸ’¥",5,2025-12-16T18:07:11Z
w_JtBYqMgk8,2025 December..... Drooling,1,2025-12-15T05:59:59Z
w_JtBYqMgk8,I count it like hustle the money all in,0,2025-12-13T01:49:53Z
w_JtBYqMgk8,Fuckâ¤,0,2025-12-10T23:52:40Z
w_JtBYqMgk8,Edward Ivy Praying for,0,2025-12-05T18:32:19Z
w_JtBYqMgk8,%Hott!!.!,1,2025-12-05T01:40:25Z
w_JtBYqMgk8,"Other rappers: alcohol and drugs

Gunna: zero sugar sprite",1,2025-12-04T04:20:41Z
w_JtBYqMgk8,This is a dope video,0,2025-12-02T14:04:50Z
w_JtBYqMgk8,Probably should have cut out that extremely energetic intro with the players... I mean wow that was too intense,0,2025-11-29T02:18:09Z
w_JtBYqMgk8,Immaculate sounds,0,2025-11-26T09:51:12Z
w_JtBYqMgk8,ğŸ¥â¤ï¸ğŸ†,0,2025-11-26T05:34:37Z
w_JtBYqMgk8,"That "" I'm HIM!""ğŸ”¥ğŸš’",1,2025-11-25T18:27:09Z
w_JtBYqMgk8,City reapers diamant blazi,1,2025-11-24T17:37:22Z
w_JtBYqMgk8,67 mattee,1,2025-11-23T08:51:17Z
w_JtBYqMgk8,O.19,1,2025-11-16T21:25:51Z
w_JtBYqMgk8,ğŸ¤˜ğŸ¾ğŸ«´ğŸ¿ğŸ’ªğŸ¿ğŸ“¡ğŸ€,0,2025-11-14T03:00:20Z
w_JtBYqMgk8,One of WunğŸ’¯,0,2025-11-09T16:44:43Z
w_JtBYqMgk8,â¤ I ve always failed to sing through the lyrics  the beat is killin,1,2025-11-07T16:07:00Z
w_JtBYqMgk8,ğŸ”¥â¤ï¸,0,2025-11-07T08:57:12Z
w_JtBYqMgk8,fuck u gunna you did it ğŸ”¥ğŸ”¥ğŸ”¥,1,2025-11-07T08:41:32Z
w_JtBYqMgk8,2:19 ğŸ˜‚,2,2025-11-01T20:15:43Z
w_JtBYqMgk8,Who here 3025,2,2025-11-01T02:12:06Z
w_JtBYqMgk8,ğŸ”¥ğŸ”¥ğŸ”¥ğŸ”¥,1,2025-10-28T14:21:41Z
w_JtBYqMgk8,I'm here 2025â¤,1,2025-10-27T19:44:50Z
w_JtBYqMgk8,shift leaderğŸ˜›,1,2025-10-27T10:15:40Z
w_JtBYqMgk8,Am a new fan please like my comment so I can come back to this video,2,2025-10-26T21:33:52Z
w_JtBYqMgk8,Gunner Always Comes Straight When Dropping  Album ğŸ”¥ğŸ”¥ğŸ”¥ğŸ”¥,0,2025-10-26T11:39:43Z
w_JtBYqMgk8,Im due for a win...,1,2025-10-26T00:47:15Z
w_JtBYqMgk8,Slimeâ¤,0,2025-10-16T08:52:48Z
w_JtBYqMgk8,0:40 0:40 0:40 0:40 0:40 0:41 0:41 0:42 0:42 0:42 0:43 0:43 0:43 0:43 0:44 0:44 0:44 0:45 0:45 0:46 0:46 0:46 0:46 0:46 0:47 0:48 0:48 0:48 0:48 0:49 0:50 0:50 0:51 0:51 0:51 0:51 0:52 0:52 0:52 0:52 0:53 0:53 0:53 0:53 0:54 0:54 0:54 0:55 0:55 0:55 0:56 0:56 0:56 0:56 0:57 0:57 0:57 1:03 1:03 1:06 1:06 1:06 1:06 1:07 1:07 1:07 1:08 1:08 1:08 1:08 1:10 1:10 1:10 1:11 1:11 1:11 1:12 1:12 1:12 1:13 1:13,0,2025-10-13T02:52:40Z
w_JtBYqMgk8,His flow is crazy ğŸ”¥,1,2025-10-12T14:50:04Z
w_JtBYqMgk8,Anyone October 2025?,9,2025-10-09T16:01:54Z
w_JtBYqMgk8,2:39 nicceee,0,2025-10-08T21:30:59Z
w_JtBYqMgk8,Real shih Gunna my favorite rapperğŸ™ğŸ’¯ğŸ«¡ğŸ™Œ too many classics,0,2025-10-08T21:18:08Z
w_JtBYqMgk8,"8.5 million views only, say we the chosen few",4,2025-10-07T20:45:07Z
w_JtBYqMgk8,"â€œThe stake is high ,the prices are high,Iâ€™m bout to fly to Dubai â€œâœˆï¸",17,2025-10-06T14:23:22Z
w_JtBYqMgk8,hip sims,0,2025-10-01T23:37:59Z
w_JtBYqMgk8,This song gives me goosebump ğŸ˜,1,2025-09-30T12:29:42Z
w_JtBYqMgk8,The beat good asf,0,2025-09-29T15:31:29Z
w_JtBYqMgk8,Its the guys at the game table for me ğŸ˜…,0,2025-09-24T12:55:26Z
w_JtBYqMgk8,Almost 2026 and I bump this shit every damn day,2,2025-09-23T12:11:18Z
w_JtBYqMgk8,I love the wun of one album! I love all your songs Gonna your all your beats are flame dawg keep pushing!! the bear is 40- 50% of the song itself! GUNNAS BEATS JUST HIT and his voice and flow is what makes your music superior!  CHOICE OF VOCABULARY IS BIG TOO..And Gunna goes for HITS! Gunna come for the W every song THATS WHAT SETS U APART I THINK U AND 21 AND LIL BABY ARE MY TOP 3 BUT U GOT THE WUN OF ONE SPOT,0,2025-09-16T22:40:45Z
w_JtBYqMgk8,0:35,0,2025-09-12T11:51:26Z
w_JtBYqMgk8,ğŸ™ˆğŸ’ªğŸ¾ğŸ’ªğŸ¾ğŸ¤—ğŸ¤—,0,2025-09-10T15:23:57Z
w_JtBYqMgk8,September 6 2025,0,2025-09-06T22:54:45Z
w_JtBYqMgk8,this dude be making me like rap music again...one song at a gadamn timeğŸ”¥,0,2025-09-06T21:23:24Z
w_JtBYqMgk8,Yes sir ğŸ™ŒğŸ½ğŸ™ŒğŸ½,0,2025-09-06T21:00:45Z
w_JtBYqMgk8,September 2025 anyone?,2,2025-09-05T07:34:54Z
w_JtBYqMgk8,Broken Play brought me here to determine if Nav Greene was being truthful about being in the video. ğŸ˜‚ğŸ˜‚ğŸ˜‚,0,2025-09-04T23:53:45Z
w_JtBYqMgk8,"All is on your mentality. He was in jail and comeback stronger. U can do it, donâ€™t be afraid. Anything is possible. Remember The Lord is with U.",3,2025-09-01T18:21:17Z
w_JtBYqMgk8,First day of $eptember 2025 ... IYKYK,0,2025-09-01T14:06:35Z
w_JtBYqMgk8,gunna beating thugga to a pulp. can't wait till he get out that deal. gunna never told on nobody. the state of georgia already deemed YSL a gang. he didn't give no info that wasn't already known. big ups to gunna.,0,2025-09-01T02:08:48Z
w_JtBYqMgk8,How did he get King Slimes father to participate?,1,2025-08-30T23:15:47Z
w_JtBYqMgk8,Try it when your hey you'rallğŸ˜…ğŸ˜…,0,2025-08-30T20:13:32Z
w_JtBYqMgk8,ğŸ”¥ğŸ”¥,0,2025-08-30T03:30:24Z
w_JtBYqMgk8,August 29th 2025â¤â¤â¤â¤â¤â¤,0,2025-08-30T02:07:29Z
w_JtBYqMgk8,Anyone in August 2025?,1,2025-08-28T15:04:16Z
w_JtBYqMgk8,If she donâ€™t listen to gunna l donâ€™t Wunna â¤ğŸ‰,0,2025-08-27T11:18:50Z
w_JtBYqMgk8,Gonna- One of Wun,0,2025-08-26T10:25:15Z
w_JtBYqMgk8,"Yâ€™all I was homeless for 3 plus years with my kids. I HAD to leave ATL to get right. Literally donâ€™t ever give up itâ€™s right around the corner. I promise you it will ease up. PRAY to whoever, YAH, your ancestors, your angels. Just pray and speak it on it. Tunnel vision only you got this bro, sis!",20,2025-08-26T05:59:32Z
w_JtBYqMgk8,Is my music good?,0,2025-08-25T08:46:02Z
w_JtBYqMgk8,"Gunna wanna, we the Nigerians love you",0,2025-08-24T04:18:04Z
w_JtBYqMgk8,It's like the drake music video directed by Kanye. The song is not good match for the video,0,2025-08-21T00:19:50Z
w_JtBYqMgk8,The goat ğŸ,0,2025-08-20T14:41:33Z
w_JtBYqMgk8,â¤,0,2025-08-18T08:14:13Z
w_JtBYqMgk8,Gunna Wunna got straight hits straight bangers!!,0,2025-08-16T13:19:40Z
w_JtBYqMgk8,Brought hope back to me gunna,0,2025-08-16T08:26:52Z
w_JtBYqMgk8,Nasty Work ğŸ¥¶ğŸ¥¶ğŸ¥¶,2,2025-08-15T01:55:26Z
w_JtBYqMgk8,"Anyone August 2025
You is reincarnated",2,2025-08-14T21:05:57Z
w_JtBYqMgk8,ONE OF WUN ğŸ‘‘ğŸ†ğŸ’°,2,2025-08-13T11:28:12Z
w_JtBYqMgk8,Anyone Aug 2025?,2,2025-08-12T02:28:24Z
w_JtBYqMgk8,"No disrespect but lil baby take

 a break...... Untill G Taps U In

 ğŸ”Š ğŸ”¥ğŸ”¥ğŸ”¥ğŸ”¥ğŸ”¥",1,2025-08-08T20:00:56Z
w_JtBYqMgk8,"Hittin hard af
Love how he used the sound from Bose best speaker! 0:35",1,2025-08-05T04:31:30Z
w_JtBYqMgk8,Gunna is a problem ğŸ˜¢,1,2025-08-03T19:23:49Z
w_JtBYqMgk8,One of the best in the business nocap,1,2025-08-02T10:25:09Z
w_JtBYqMgk8,August 1st 2025?,1,2025-08-02T00:44:51Z
w_JtBYqMgk8,Anyone here ğŸ‰ ..1st AUGUST..GIRLFRIENDS DAY!ğŸ˜‚,0,2025-08-01T05:38:47Z
w_JtBYqMgk8,2026?,0,2025-08-01T04:00:42Z
w_JtBYqMgk8,Why one looked like tyga,0,2025-07-30T10:35:36Z
w_JtBYqMgk8,his name am him don't dot,0,2025-07-26T18:49:35Z
w_JtBYqMgk8,"Si you be watching ahhhhğŸ˜‚ 1 1  , L VEN",0,2025-07-25T21:53:37Z
w_JtBYqMgk8,Just stop by,0,2025-07-25T14:48:47Z
w_JtBYqMgk8,He sound like y thug when he was in his prime w/o the tweaking like thug did bt still snapping all at same time iykyk,0,2025-07-24T03:11:07Z
w_JtBYqMgk8,Wait he filmed it with OTE basketball team the VEVO official one ?,0,2025-07-22T17:07:23Z
w_JtBYqMgk8,Disappointed. I wanted to see Gunna perform this.,0,2025-07-20T18:38:41Z
w_JtBYqMgk8,U guys feeling this???ğŸ‘Œ,0,2025-07-20T17:37:21Z
w_JtBYqMgk8,I have come back in July 2025,1,2025-07-20T02:02:41Z
w_JtBYqMgk8,god bless this man,0,2025-07-15T05:43:11Z
w_JtBYqMgk8,F-ing RAT ğŸ€ RAT ğŸ€ RAT ğŸ€...,0,2025-07-14T09:53:17Z
w_JtBYqMgk8,Everybody loves underdogs ğŸ”¥,1,2025-07-13T14:43:32Z
w_JtBYqMgk8,A lot more meaning in this than they realize ğŸ™ğŸ‡ºğŸ‡²ğŸ•¯ï¸ğŸ˜ğŸ‘»ğŸ¯ğŸ¢,0,2025-07-12T05:32:59Z
w_JtBYqMgk8,This shi hard like a mfğŸ…¿ï¸ğŸ§ğŸ¾â€â™‚ï¸,0,2025-07-10T15:57:41Z
w_JtBYqMgk8,Gunna muito braboâ¤,0,2025-07-08T13:53:33Z
w_JtBYqMgk8,Man. I love Gunna. And im happy for his comeback. But he did Thug dirty tho,0,2025-07-07T11:36:30Z
w_JtBYqMgk8,I dun wunna know who else raps like yung dun,1,2025-07-05T13:57:34Z
w_JtBYqMgk8,Lmao so the ninja shot the ball from the right but the ball went in coming from the left ğŸ˜…ğŸ˜…,0,2025-07-05T05:55:52Z
w_JtBYqMgk8,Lil wayne in his prime.. sh1t is hard bro...,3,2025-07-04T21:47:52Z
w_JtBYqMgk8,"I gotta b, i jst gotta b "" w due for a win "" damn, overdue â¤
*** can i jst say tho, def need to lose hope sometimes, in ppl, but fuching never eve in urself ****",2,2025-07-02T14:53:09Z
w_JtBYqMgk8,Anyone in July 2025?,194,2025-07-01T19:29:03Z
w_JtBYqMgk8,Listening to this and driving around is a vibe,1,2025-06-30T23:34:20Z
oBrbejOHjLw,beat is fire!!,0,2025-12-21T10:24:48Z
oBrbejOHjLw,F the streets ğŸ¤£,1,2025-12-20T06:44:04Z
oBrbejOHjLw,God Damn,0,2025-12-17T14:33:50Z
oBrbejOHjLw,"This song so refreshing
Can't deny Gunna been in his bag since day one, but that HIPVIEWS DAWT CAWM boost is on another level! Dudeâ€™s literally unstoppable now. ğŸ”¥ğŸ’¥",5,2025-12-16T17:49:57Z
oBrbejOHjLw,Iguana,0,2025-12-15T23:07:31Z
oBrbejOHjLw,Baby gotta drip like gunna I see how you mixing designersğŸ¶ hard â¤,1,2025-12-11T14:42:26Z
oBrbejOHjLw,Gunna wunna problem,0,2025-12-11T11:48:04Z
oBrbejOHjLw,This tune is a creeper. ğŸ”¥ğŸ”¥,0,2025-12-11T10:21:34Z
oBrbejOHjLw,Gunna you hard ğŸ“ˆğŸš€,1,2025-12-09T07:55:04Z
oBrbejOHjLw,Jesus is the way the truth and life â¤â¤ğŸ™ğŸ¾,1,2025-12-09T02:59:25Z
oBrbejOHjLw,"â€œSo was it a boy or a girl I was fuckin wit lastnight?â€

Gunna:â€A Manâ€",0,2025-12-04T10:28:25Z
oBrbejOHjLw,BABY GOT A DRIP LIKE GUNNA,0,2025-12-03T18:05:14Z
oBrbejOHjLw,Ayyy,0,2025-12-03T02:23:29Z
oBrbejOHjLw,Critical with a smooth beat on a rough road,0,2025-12-01T03:48:29Z
oBrbejOHjLw,: MunnağŸ¤ğŸ¬ğŸ’¯ğŸ€ğŸŒ¹,0,2025-11-29T20:53:25Z
oBrbejOHjLw,One of his best songs in my opinion,0,2025-11-23T19:01:32Z
oBrbejOHjLw,shit outstandin,0,2025-11-17T02:42:15Z
oBrbejOHjLw,"Why didnâ€™t I comment on this when it was released? Ohh my bad ğŸ˜£ 
Gunna is Him",2,2025-11-16T10:16:11Z
oBrbejOHjLw,My fav1,0,2025-11-11T19:14:39Z
oBrbejOHjLw,the biggest comeback from him,0,2025-11-11T15:15:27Z
oBrbejOHjLw,LUV U MY WUN â¤,0,2025-11-11T02:35:52Z
oBrbejOHjLw,ğŸ’ƒğŸ½,0,2025-11-09T22:09:31Z
oBrbejOHjLw,Hi,0,2025-11-06T19:23:25Z
oBrbejOHjLw,Wunnaaa flowğŸ”¥ğŸ”¥ğŸ”¥,1,2025-11-06T12:16:31Z
oBrbejOHjLw,Wunna flow ğŸ”¥ğŸ”¥,1,2025-11-04T19:10:37Z
oBrbejOHjLw,hard,1,2025-11-04T12:24:24Z
oBrbejOHjLw,"Yeah thanks, for two.",0,2025-11-03T07:36:50Z
oBrbejOHjLw,Created multiple account just for like this song â¤,0,2025-11-03T01:03:21Z
oBrbejOHjLw,Timeless,0,2025-11-02T01:05:12Z
oBrbejOHjLw,This is so hardddddd,1,2025-11-02T01:05:07Z
oBrbejOHjLw,October 2025 <3 still litt !,0,2025-10-27T08:04:39Z
oBrbejOHjLw,Hell yea,1,2025-10-26T19:52:24Z
oBrbejOHjLw,Im making a ramen noodle soup to this joint,2,2025-10-23T02:07:53Z
oBrbejOHjLw,Donâ€™t forget to subscribe â¤,2,2025-10-19T16:08:46Z
oBrbejOHjLw,2019 anyone?,1,2025-10-15T12:34:58Z
oBrbejOHjLw,My niggaâ¤,1,2025-10-14T21:11:10Z
oBrbejOHjLw,2:52 the best PART ğŸ‰,7,2025-10-11T05:29:28Z
oBrbejOHjLw,Okay ill see when i get there,1,2025-10-10T01:51:02Z
oBrbejOHjLw,"""rats on me"" you said it all g",0,2025-10-09T19:29:36Z
oBrbejOHjLw,Yeaaaaaaaaaaaaaa!!!!!!,0,2025-10-08T17:47:34Z
oBrbejOHjLw,"RAT, but I still love your music ğŸ˜‚",0,2025-10-08T13:48:15Z
oBrbejOHjLw,It's going down but we're always ready...,1,2025-10-08T07:06:07Z
oBrbejOHjLw,A long way but I am getting out of this tunnel ğŸ”¥,1,2025-10-08T07:05:43Z
oBrbejOHjLw,Godspeed fam,3,2025-10-07T21:32:51Z
oBrbejOHjLw,Anyone here 2025ğŸ‘€,1,2025-10-07T18:58:19Z
oBrbejOHjLw,Anyone ready to leave this cold nice,1,2025-10-04T05:51:49Z
oBrbejOHjLw,@gunna ğŸ†â˜ğŸ¾,3,2025-10-03T22:36:49Z
oBrbejOHjLw,Skoob ğŸ˜©,1,2025-10-02T11:27:59Z
oBrbejOHjLw,Gunna and Cardi gotta go down in history for the comebacks,2,2025-09-29T22:21:14Z
oBrbejOHjLw,No matter what; make sure you keep having money ğŸ’°ğŸ‡³ğŸ‡¬ğŸ‡³ğŸ‡¬ğŸ’¯â¤ï¸,3,2025-09-24T20:45:36Z
oBrbejOHjLw,LITğŸ’«ğŸŒ¬ğŸ’¯ğŸ’¥ğŸ”¥ğŸ’ªğŸ½ğŸ’¨,2,2025-09-21T16:30:58Z
oBrbejOHjLw,GUNNA KiLLZ THIZ SHYTğŸµğŸ§ğŸ™ï¸.  1:05 0:59,2,2025-09-21T04:35:24Z
oBrbejOHjLw,Legendary Gunna ğŸ¥‹â›©ğŸƒğŸ”¥ğŸ˜ğŸ‘ŒğŸ¶ğŸ’¾ğŸ’¸ğŸ–ğŸ…ğŸ†ğŸ€ğŸ’¯ğŸ’¯ğŸ’¯,3,2025-09-21T03:42:48Z
oBrbejOHjLw,Brada u need ta discover Ghana,0,2025-09-18T12:59:13Z
oBrbejOHjLw,ğŸ§€ğŸ€ ay! ay!,0,2025-09-17T17:48:56Z
oBrbejOHjLw,I pray the city can come back together!!! XO,1,2025-09-17T03:27:40Z
oBrbejOHjLw,Aye,1,2025-09-16T18:56:03Z
oBrbejOHjLw,"EYE AM RAP IS GUNNA DO 9 1,000,000 P33P$ CAPACITY TOURS..BEST MUSIC ALBUM TILL 9BILLION P33P$ CONSCIOUSLY READ SEE AND READ THIS IN ITS EXACT FORM. SO SHALL IT BE,ISE!! I BIND THIS WITH THE ENERGY OF YOUTUBE CONGLOMERATE",0,2025-09-16T18:23:59Z
oBrbejOHjLw,Bihh I been Here since this mF Drop It's Been A Long 10 Months  My Brother ğŸ§¡ğŸ™‚â€â†•ï¸,0,2025-09-15T16:36:56Z
oBrbejOHjLw,Itâ€™s dolph,2,2025-09-14T01:56:50Z
oBrbejOHjLw,sucks u a snitch ur music is pretty good,0,2025-09-13T20:11:34Z
oBrbejOHjLw,Gunna songs so wavey,1,2025-09-09T06:04:02Z
oBrbejOHjLw,Does A stand 4 atalanta,2,2025-09-08T10:49:38Z
oBrbejOHjLw,Gunna ain't got to worry about people not liking him nomore cause snitch folks who snitch on young thug on his side so that means thug don't run Atlanta no more gunna everybody respects gunna in the a,0,2025-09-07T16:17:23Z
oBrbejOHjLw,This will always sound new,3,2025-09-07T06:19:12Z
oBrbejOHjLw,ğŸ”¥ğŸ¤˜ğŸ”«ğŸ’¯,1,2025-09-05T17:42:35Z
oBrbejOHjLw,R.I.P.  Skoob,1,2025-09-05T17:41:12Z
oBrbejOHjLw,A,2,2025-09-03T17:36:22Z
oBrbejOHjLw,Gunna better then young thug,17,2025-09-03T01:39:17Z
oBrbejOHjLw,"Not going against NOONE, oan not scared @ all.  If they only knew, some may not like me in the first place.  The A is the most magical thing that ever happened to anyone,  as long as you're pure & grounded. & no Im not putting man b4 GOD,  only commenting. 
# 0:05, 8:57 am
IFYKYK",0,2025-09-02T12:58:01Z
oBrbejOHjLw,"Just discovered the man although Iâ€™ve heard his name for years. Havenâ€™t stopped playing his music since, bangers, after bangers.",21,2025-09-02T09:49:27Z
oBrbejOHjLw,Mentally Gunna X Instruments is ğŸ’ğŸ’ğŸ’,1,2025-09-02T04:00:01Z
oBrbejOHjLw,Back chiefn dabs of sapphire kush,0,2025-09-01T08:06:13Z
oBrbejOHjLw,I could hear a Nav feature on this one ğŸ”¥,3,2025-08-31T17:56:04Z
oBrbejOHjLw,"Gunna the one right now,thugg is a genius.",0,2025-08-29T23:55:12Z
oBrbejOHjLw,Keep going up and keep leveling up ğŸ”¥ğŸ”¥ğŸ”¥ğŸ”¥ğŸ”¥ğŸ”¥ğŸ”¥,2,2025-08-29T22:53:09Z
oBrbejOHjLw,Twin,0,2025-08-28T20:16:45Z
oBrbejOHjLw,0:42 This song is PHENOMENAL ğŸ˜­ğŸ˜®â€ğŸ’¨â¤ï¸â€ğŸ©¹ğŸ’¸,1,2025-08-27T03:31:03Z
oBrbejOHjLw,"Never cared for Herb but when you got one, you got one. This is one of THEM!! Congrats lil Herb. Straight banger. 
Iâ€™ll say it!!! Verse of 2025 so far. Heads down (yea canâ€™t believe Iâ€™m even saying that about Herb)",0,2025-08-27T02:28:04Z
oBrbejOHjLw,The visuals ğŸ”¥,1,2025-08-26T03:21:20Z
oBrbejOHjLw,"The Toronto Police Service is committed to protecting Jahmal alex hinds raiding the enemys who are trying to killl him hitting the enemys when it count sshhh you idiot Â raiding them hitting the enemys when it count . the hole city protects, scouts and spysÂ  those doingÂ  crime on alex hinds and Marcus cartrey , including financial crimes,which defrauds Canadians out of billions of dollars every year.catch who steals yakuzas from the east end arest them",0,2025-08-26T02:11:23Z
oBrbejOHjLw,"21 can you do somthing for me ,can hit up the opps for me ,who ever is walking and driving on espanod or front street ,Hit who is talking bad to joyce hinds and deborah hinds every chance you get ,respect to you , sssshhhhhh ğŸ‰idiot",0,2025-08-26T02:11:08Z
oBrbejOHjLw,ğŸ˜©ğŸ’¿,0,2025-08-24T11:02:16Z
oBrbejOHjLw,ğŸ”¥ğŸ”¥ğŸ”¥ğŸ”¥,1,2025-08-24T00:52:11Z
oBrbejOHjLw,You can hear the hunger all over this,0,2025-08-22T17:35:49Z
oBrbejOHjLw,ğŸ¥¶,1,2025-08-20T00:47:36Z
oBrbejOHjLw,My guyâœŒï¸âœŒï¸,1,2025-08-14T20:21:04Z
oBrbejOHjLw,0:55 And The Wunna Isâ€¦ ğŸ‘‘ğŸ†ğŸ’°,11,2025-08-13T10:50:54Z
oBrbejOHjLw,Long live scoob,1,2025-08-12T23:44:24Z
oBrbejOHjLw,This sound way too polished itâ€™s scary,1,2025-08-12T22:54:26Z
oBrbejOHjLw,Back in the A (Africa),3,2025-08-12T09:07:55Z
oBrbejOHjLw,He might go down as one of the greats.,0,2025-08-11T17:06:56Z
oBrbejOHjLw,Zero fucks ey eyâ¤,0,2025-08-11T13:56:33Z
oBrbejOHjLw,You just earned a new subscriber,0,2025-08-06T15:23:12Z
oBrbejOHjLw,Look at Gunna . Such an inspiration. Fr ğŸ”¥,0,2025-08-06T11:20:34Z
oBrbejOHjLw,"Truthfully, this is probably the hardest song Iâ€™ve heard, all yearâ€¦
Can't deny Gunna  been in his bag since day one, but that HIPVIEWS DAWT CAWM boost is on another level! Dudeâ€™s literally unstoppable now. ğŸ”¥ğŸ’¥",11,2025-08-05T17:44:25Z
oBrbejOHjLw,Dis shxt ridin' ğŸ”¥ğŸ”¥ğŸ”¥,0,2025-08-05T16:54:21Z
oBrbejOHjLw,how the hell was this 1 year ago,6,2025-08-01T19:06:34Z
oBrbejOHjLw,â¤,0,2025-08-01T12:52:16Z
oBrbejOHjLw,No weed ğŸ˜¢,0,2025-08-01T08:02:26Z
bY1kLt4iz94,1:38  / 1:29  someone  know theire instagram ?  ğŸ‘†,0,2025-12-22T18:38:47Z
bY1kLt4iz94,1:38  / 1:29  someone  know theire instagram ?  ğŸ‘†,0,2025-12-22T18:38:42Z
bY1kLt4iz94,1:38  / 1:29  someone  know theire instagram ?  ğŸ‘†,0,2025-12-22T18:38:28Z
bY1kLt4iz94,Sup doe,0,2025-12-22T00:24:32Z
bY1kLt4iz94,2025 December get ma money I don't wann no chit chatğŸ¤˜ğŸ”¥,0,2025-12-21T14:50:34Z
bY1kLt4iz94,Bro the most streamed song for me in 2025,0,2025-12-19T10:06:59Z
bY1kLt4iz94,ğŸ¤ This beat hit harder than my responsibilities ğŸ’€,0,2025-12-19T05:35:03Z
bY1kLt4iz94,He the future of real niggas cause these other niggas is sum thing else I donâ€™t no what to call it,0,2025-12-18T21:34:14Z
bY1kLt4iz94,He the future of real niggas cause these other niggas is sum thing else,0,2025-12-18T21:33:44Z
bY1kLt4iz94,â¤,0,2025-12-18T21:32:26Z
bY1kLt4iz94,"â€œEveryone who fake it, I act like they traded, I swear I don't want no apology.â€",2,2025-12-13T19:43:16Z
bY1kLt4iz94,Vibing Wassam In December ğŸ”¥ Late Night ğŸ¥º Geeked UpğŸ˜ˆ,2,2025-12-10T23:00:14Z
bY1kLt4iz94,I don't want to work with you thank you,0,2025-12-09T18:43:03Z
bY1kLt4iz94,The best,1,2025-12-08T10:30:19Z
bY1kLt4iz94,Push Back > Pushing P,0,2025-12-08T04:44:48Z
bY1kLt4iz94,ğŸ”¥ğŸ”¥ğŸ”¥ğŸ”¥,1,2025-12-07T08:38:18Z
bY1kLt4iz94,GO GUNNA ğŸ”¥,2,2025-11-24T22:48:47Z
bY1kLt4iz94,Hey Gunna yes this is David Johnson again from the BMT Beaumont Texas pushed back now is what I'm jamming your videos all of them listen to your music everyday say man love everything about it I wish you can roll through Beaumont Texas man they come to tracewood number two and apartment number 2 come holla at all the fellas man cuz we out here bumping and jamming your music 24/7 Mr. Gunna real talk man,1,2025-11-18T17:25:00Z
bY1kLt4iz94,November 16th 2025 ğŸ‰,0,2025-11-16T08:38:11Z
bY1kLt4iz94,ğŸ”¥ğŸ”¥ğŸ”¥ğŸ”¥ğŸ”¥,0,2025-11-15T04:35:59Z
bY1kLt4iz94,ğŸ«´ğŸ¿ğŸ’ªğŸ¿ğŸ“¡ğŸ†,0,2025-11-14T03:15:05Z
bY1kLt4iz94,Wunna donâ€™t make music videos no more he makes movies cs wtf ğŸ˜­ğŸ˜­ğŸ˜­ğŸ˜­,1,2025-11-09T16:23:03Z
bY1kLt4iz94,novembar 20 to 25,0,2025-11-08T08:41:53Z
bY1kLt4iz94,This shit go hard asf,1,2025-11-08T03:29:37Z
bY1kLt4iz94,Germany loves Gunna! ğŸ‡©ğŸ‡ª,1,2025-11-01T12:27:13Z
bY1kLt4iz94,"""It can be a couple of years I'm still getting my lick back""",0,2025-10-24T21:32:13Z
bY1kLt4iz94,Should be 8 billion not only 8 million.,0,2025-10-21T01:11:42Z
bY1kLt4iz94,The slowed version is tuff,0,2025-10-20T12:37:29Z
bY1kLt4iz94,2026 anyone?,1,2025-10-18T13:19:39Z
bY1kLt4iz94,Gunna is the truth !!!!ğŸ˜®â€ğŸ’¨ğŸ”¥ğŸ”¥ğŸ”¥,1,2025-10-17T18:03:10Z
bY1kLt4iz94,Single handedly one of the best music videos.,0,2025-10-17T12:27:06Z
bY1kLt4iz94,WhatsApp is the problem of fake people with gunna,0,2025-10-14T19:31:46Z
bY1kLt4iz94,0:07 0:07 0:07 0:07 0:07 0:08 0:08 0:09 0:09 0:10 0:10 0:10 0:10 0:11 0:11 0:11 0:11 0:12 0:12 0:12 0:12 0:13 0:13 0:13 0:13 0:14 0:14 0:14 0:14 0:15 0:15 0:16 0:16 0:16 0:16 0:17 0:17 0:17 0:17 0:18 0:18 0:18 0:18 0:19 0:19 0:20 0:20 0:21 0:21 0:21 0:21 0:22 0:22 0:22 0:22 0:23 0:23 0:23 0:24 0:24 0:24 0:24 0:25 0:25 0:25 0:25 0:25 0:26 0:26 0:27 0:27 0:27 0:27 0:28 0:28 0:28 0:29 0:29 0:29 0:30 0:30 0:30 0:30 0:31 0:31 0:32 0:32 0:32 0:33 0:33 0:33 0:34 0:34 0:34 0:34 0:35 0:35 0:35 0:36 0:38 0:38 0:38,0,2025-10-13T02:53:49Z
bY1kLt4iz94,Who's here October 2025 â¤ whatsapp âœ¨ï¸,22,2025-10-08T16:19:24Z
bY1kLt4iz94,His Bounce back and Transformation is epic. ğŸ–¤ Gunna...,3,2025-10-03T01:50:13Z
bY1kLt4iz94,October 2025 ğŸƒ ğŸ‘»,72,2025-10-01T23:52:16Z
bY1kLt4iz94,Gunna the truth,10,2025-09-28T12:41:49Z
bY1kLt4iz94,Was that thug diss at the end,0,2025-09-16T21:42:48Z
bY1kLt4iz94,"I had this song on repeat for my whole 2 hour workout. This shi fie. He sampled a Soul Calibur beat. The ones who know, knowğŸ’¯",0,2025-09-14T14:19:50Z
bY1kLt4iz94,""" I know many men who pray I don't win but still need to run with their compact ""ğŸ§â€â™‚ï¸",1,2025-09-13T09:18:40Z
bY1kLt4iz94,shits ass,0,2025-09-12T01:04:23Z
bY1kLt4iz94,Underrated for sure â¤â¤,3,2025-09-10T18:06:32Z
bY1kLt4iz94,Gunna lowkey sneak dissing and I love it,0,2025-09-09T04:02:19Z
bY1kLt4iz94,Thia sound like trappin Game of thrones,0,2025-09-07T06:59:24Z
bY1kLt4iz94,0:04 model name?,0,2025-09-06T15:13:27Z
bY1kLt4iz94,"Good thing this nigga told, god damn the song is fire",1,2025-09-05T01:14:58Z
bY1kLt4iz94,Dont care if it be a couple of years im going to get my lick back,1,2025-09-02T15:37:22Z
bY1kLt4iz94,WASSAM,0,2025-09-01T10:18:25Z
bY1kLt4iz94,"No man this aint fair... i had to actually wait about a week or so until i actually listen and cry this much... Go Gunna Go Gunna. Line after line, His healing Souls. Save your cap haters... Big Gunna Is A Real Deal. Sending my genuine respect and Shout out from South Africa.ğŸ˜Š",8,2025-08-31T16:09:23Z
bY1kLt4iz94,WhatsApp ğŸ˜ğŸ˜ğŸ˜ğŸ˜,0,2025-08-31T12:50:13Z
bY1kLt4iz94,Still got this rotation ğŸ”¥ğŸ”¥ğŸ”¥ğŸ”¥ğŸ”¥ğŸ”¥ğŸ”¥ğŸ”¥ğŸ”¥ğŸ”¥ğŸ”¥ğŸ”¥ğŸ”¥,2,2025-08-30T03:46:17Z
bY1kLt4iz94,August 29th 2025â¤â¤â¤â¤â¤,0,2025-08-30T02:05:05Z
bY1kLt4iz94,You are the only star I have in my heart,1,2025-08-30T00:31:30Z
bY1kLt4iz94,Aug 2025 from Thailand,1,2025-08-25T12:23:10Z
bY1kLt4iz94,"Different energy, different vibe Gunna proves he can switch styles and still deliver hits every time. ğŸ’¯2025 Anyone",0,2025-08-25T05:40:59Z
bY1kLt4iz94,August 2025 anyone?ğŸ˜®â€ğŸ’¨ğŸ”¥,0,2025-08-24T12:53:56Z
bY1kLt4iz94,"""I Drop & these lil ğŸ¥·'s push backğŸ˜‚âœï¸ğŸ¾"".they know themselves",0,2025-08-24T12:53:14Z
bY1kLt4iz94,August 2025,0,2025-08-22T16:50:58Z
bY1kLt4iz94,ğŸ’µğŸğŸ‘‘ğŸ”¥ğŸ’ª,1,2025-08-20T08:05:48Z
bY1kLt4iz94,August 2025 ANYONE??,0,2025-08-18T14:56:59Z
bY1kLt4iz94,â¤â¤,0,2025-08-15T17:35:33Z
bY1kLt4iz94,0:06 ğŸ’·ğŸ’µğŸ’¶ğŸ’´ ğŸ’·ğŸ’µğŸ’¶ğŸ’´,2,2025-08-13T11:13:15Z
bY1kLt4iz94,"Gunna you good I swear , avoid evil friends, avoid ,run , from any evil deals ğŸ¤ to cut your days off, gunna my new artist forever â¤",2,2025-08-12T14:15:59Z
bY1kLt4iz94,"365 trillion millionaires not enough so 
Its 365 trillion dollars every year ip on a big path",1,2025-08-12T10:24:52Z
bY1kLt4iz94,ğŸ”¥...So glad to see Gunna winning,0,2025-08-11T21:13:25Z
bY1kLt4iz94,Mbaayaaa Gunna apo sawaaağŸ¤§ğŸ¤§ğŸ‘¹ğŸ‘¹,0,2025-08-07T21:22:40Z
bY1kLt4iz94,1:09 yall think they still close??,0,2025-08-06T15:42:08Z
bY1kLt4iz94,Whatssaap ğŸ˜ŒğŸ™‚â€â†•ï¸ğŸ˜ğŸ•º,0,2025-08-06T15:15:22Z
bY1kLt4iz94,"The biggest comeback of the decade ğŸ”¥ğŸ”¥
Can't deny Gunna  been in his bag since day one, but that HIPVIEWS DAWT CAWM boost is on another level! Dudeâ€™s literally unstoppable now. ğŸ”¥ğŸ’¥",8,2025-08-05T18:16:18Z
bY1kLt4iz94,ğŸ”¥ğŸ”¥ğŸ”¥ğŸ”¥ğŸ”¥ğŸ”¥,0,2025-08-01T21:02:11Z
bY1kLt4iz94,If you still listening todayğŸ”¥,28,2025-07-29T04:38:48Z
bY1kLt4iz94,July 2025 anybody?,5,2025-07-26T13:22:16Z
bY1kLt4iz94,ğŸ¤ğŸ½ğŸ¤ğŸ½ğŸ¤ğŸ½ğŸ¤ğŸ½,0,2025-07-22T16:27:47Z
bY1kLt4iz94,Gunna cashing out big on Zuck,0,2025-07-22T05:17:08Z
bY1kLt4iz94,Solid vid but he's too stylish to have the bottom button done on a double breasted blazer,0,2025-07-21T16:19:10Z
bY1kLt4iz94,20 juillet 2025ğŸ‰,0,2025-07-18T12:40:21Z
bY1kLt4iz94,Spy rap,0,2025-07-17T01:33:26Z
bY1kLt4iz94,2025 Anyone??,0,2025-07-15T23:04:10Z
bY1kLt4iz94,All the hype for nothing- definitely mid grade song,0,2025-07-11T17:33:26Z
bY1kLt4iz94,This shit was corny,0,2025-07-11T17:32:29Z
bY1kLt4iz94,God love you all,0,2025-07-10T16:46:08Z
bY1kLt4iz94,Gunna is diffidently top 5 complete artist out here...ğŸ¤”Killin the game with his own unique style.ğŸ‘ğŸ«¡,3,2025-07-07T16:48:21Z
bY1kLt4iz94,Motivation ğŸ’ªğŸ¼ğŸ‘ŒğŸ¼ğŸ§,0,2025-07-06T14:19:34Z
bY1kLt4iz94,This is gunna's year if you believe and agree like,4,2025-07-03T19:28:15Z
bY1kLt4iz94,The remix is fire,0,2025-07-03T16:52:26Z
bY1kLt4iz94,this goes much better over forgottenâ€™s beat,0,2025-07-02T17:04:04Z
bY1kLt4iz94,Wunnaâ¤â¤,2,2025-07-02T16:40:26Z
bY1kLt4iz94,July 2025 ğŸ”¥,0,2025-07-01T18:22:49Z
bY1kLt4iz94,Trash,0,2025-06-22T14:02:54Z
bY1kLt4iz94,Who's here in 2025?ğŸ¤Ÿ,1,2025-06-18T09:37:05Z
bY1kLt4iz94,Who's here in 2025?ğŸ¤Ÿ,0,2025-06-18T09:36:41Z
bY1kLt4iz94,Who's here in 2025?ğŸ¤Ÿ,0,2025-06-18T09:36:41Z
bY1kLt4iz94,Free yh tgğŸ‰,0,2025-06-16T06:24:29Z
bY1kLt4iz94,ğŸ˜ğŸ”¥,0,2025-06-14T10:28:32Z
bY1kLt4iz94,0:50,0,2025-06-13T14:33:51Z
bY1kLt4iz94,Who is here in 2025,4,2025-06-13T06:28:35Z
bY1kLt4iz94,June 2025 anyone,81,2025-06-11T16:57:18Z
bY1kLt4iz94,Iâ€™m here in 2025 â¤ğŸ¶âŒ¨ï¸,1,2025-06-11T12:36:10Z
bY1kLt4iz94,"Dont Forget YSL , He Wouldnt Be Hea If It Wasn't For Thugga",1,2025-06-10T01:23:31Z
bY1kLt4iz94,Beat sounds familiarğŸ¤” too sexy? Yeah too sexy!,0,2025-06-06T01:56:52Z
Tqjw-H4QyG0,Again this shit os crazy,0,2025-12-20T23:11:24Z
Tqjw-H4QyG0,1:33 jâ€™suis le meilleur sur deux gÃ©nÃ©rations jhony que pour la quality âœ…ï¸,1,2025-12-19T19:48:12Z
Tqjw-H4QyG0,Idc if he snitched end of the day everyone got your own self. If you really know streets  street aint loyal for shit. JsğŸ˜‚ little kiddos,0,2025-12-19T06:55:13Z
Tqjw-H4QyG0,Booted on a Jet.. Iâ€™m outta here âœˆï¸ ğŸ›©ï¸ âœˆï¸,0,2025-12-18T00:16:56Z
Tqjw-H4QyG0,Offset!!!! ğŸ”¥ğŸ”¥ğŸ”¥ğŸ”¥,1,2025-12-17T10:27:57Z
Tqjw-H4QyG0,"Who's here in 2025
Can't deny Gunna been in his bag since day one, but that HIPVIEWS DAWT CAWM boost is on another level! Dudeâ€™s literally unstoppable now. ğŸ”¥ğŸ’¥",1,2025-12-16T17:49:24Z
Tqjw-H4QyG0,If aliens landed we just play them this song Prada demğŸ˜‚,1,2025-12-16T11:24:30Z
Tqjw-H4QyG0,promo for prada,2,2025-12-14T14:49:41Z
Tqjw-H4QyG0,Boom,0,2025-12-14T07:29:46Z
Tqjw-H4QyG0,Monyun over Bunyons ğŸ‰,0,2025-12-14T01:42:31Z
Tqjw-H4QyG0,Gunna ğŸ‰ğŸ‰ğŸ‰ ğŸ‰ğŸ‰ 2026,0,2025-12-11T20:22:39Z
Tqjw-H4QyG0,Gunnnnnnnnaâ¤,0,2025-12-11T05:22:16Z
Tqjw-H4QyG0,Song FğŸ’¥Ckin Hard!,1,2025-12-10T20:38:16Z
Tqjw-H4QyG0,Idc if he cheated,3,2025-12-09T09:35:53Z
Tqjw-H4QyG0,One n one only gunna,0,2025-12-07T00:28:08Z
Tqjw-H4QyG0,Best song 2025,5,2025-12-05T17:24:16Z
Tqjw-H4QyG0,$$$hott$$$$,0,2025-12-05T01:47:03Z
Tqjw-H4QyG0,Wunna is the guy,0,2025-12-03T16:34:02Z
Tqjw-H4QyG0,South Africa we here,0,2025-12-02T08:52:25Z
Tqjw-H4QyG0,The best duo in the rap game right now ğŸ˜®â€ğŸ’¨,6,2025-11-28T06:37:31Z
Tqjw-H4QyG0,2026 my yearğŸ˜¢ğŸ˜Š,27,2025-11-27T20:28:49Z
Tqjw-H4QyG0,This song Always my fav ğŸ˜,0,2025-11-26T11:26:48Z
Tqjw-H4QyG0,Insane beat,1,2025-11-25T14:01:57Z
Tqjw-H4QyG0,I can't even hate on big brotha,0,2025-11-25T10:49:36Z
Tqjw-H4QyG0,Candaler glistening not him,0,2025-11-23T01:57:01Z
Tqjw-H4QyG0,Offsetâ¤ğŸ”¥ğŸ’¯,2,2025-11-23T00:20:05Z
Tqjw-H4QyG0,This ain't no crips vs bloods war anyways we talking about bros music and he surely does delivers pulling out numbers,4,2025-11-22T21:43:34Z
Tqjw-H4QyG0,This song is legendary,2,2025-11-21T09:54:13Z
Tqjw-H4QyG0,millions on mind ğŸ”¥,1,2025-11-20T16:45:33Z
Tqjw-H4QyG0,"Hip Hop in United Kingdom, United States and South Africa",1,2025-11-19T19:56:47Z
Tqjw-H4QyG0,Gunna is BigBoi2.0,0,2025-11-19T16:00:35Z
Tqjw-H4QyG0,Me,0,2025-11-17T16:58:53Z
Tqjw-H4QyG0,â¤â¤,0,2025-11-15T05:41:15Z
Tqjw-H4QyG0,ğŸ«´ğŸ¿ğŸ‘‘ğŸ’ªğŸ¿ğŸ¤˜ğŸ¾,1,2025-11-14T03:22:10Z
Tqjw-H4QyG0,"Hello Mr. Lil, I made a cartoon similar to this clip of yours, can I post it on YouTube?",1,2025-11-13T17:52:50Z
Tqjw-H4QyG0,"Banging banging banger right here fam, on some real real shit, bang bang bang bangâ€¦",1,2025-11-09T05:29:56Z
Tqjw-H4QyG0,Parda demâœŒï¸ğŸ«¡,0,2025-11-08T16:36:05Z
Tqjw-H4QyG0,Wow,0,2025-11-08T16:35:34Z
Tqjw-H4QyG0,This beat goes so hard ğŸ‰ğŸ‰,0,2025-11-07T19:36:10Z
Tqjw-H4QyG0,I have no idea why this guys donâ€™t do a joint album,5,2025-11-07T04:44:41Z
Tqjw-H4QyG0,who's still here ?,2,2025-11-06T19:39:36Z
Tqjw-H4QyG0,ğŸ”¥ğŸ”¥ğŸ”¥,0,2025-11-06T05:04:03Z
Tqjw-H4QyG0,It was them all along â¤â¤â¤ the new duo!!,4,2025-11-05T06:10:04Z
Tqjw-H4QyG0,that futures flow ,2,2025-11-03T21:13:51Z
Tqjw-H4QyG0,TIMI I want out but there's no house,0,2025-11-03T16:10:14Z
Tqjw-H4QyG0,November 2025 anyone?ğŸ”¥,21,2025-11-02T20:11:05Z
Tqjw-H4QyG0,New one  for me  song  American and rassian  ğŸ™,1,2025-11-02T07:41:10Z
Tqjw-H4QyG0,Love this shit,2,2025-10-31T23:19:45Z
Tqjw-H4QyG0,This duo cbfw ğŸ”¥ğŸ”¥ğŸ”¥ğŸ”¥ğŸ”¥ğŸ”¥,1,2025-10-30T15:09:11Z
Tqjw-H4QyG0,"this real trap, uhn in south africa",0,2025-10-29T14:40:32Z
Tqjw-H4QyG0,ğŸ˜ˆğŸ˜ˆğŸ˜ˆğŸ˜ˆğŸ˜ˆ,0,2025-10-26T23:26:14Z
Tqjw-H4QyG0,Him all along,1,2025-10-25T16:44:37Z
Tqjw-H4QyG0,Everyone in 2025??? SA,1,2025-10-24T01:46:31Z
Tqjw-H4QyG0,Offset snapped on this ğŸ‰,3,2025-10-23T12:10:15Z
Tqjw-H4QyG0,Gunna always been this hard? Cause wtf ğŸ¤¯,0,2025-10-23T01:10:25Z
Tqjw-H4QyG0,â¤â¤â¤â¤â¤â¤â¤,0,2025-10-22T15:43:19Z
Tqjw-H4QyG0,â¤â¤â¤â¤â¤â¤â¤â¤â¤â¤â¤â¤,0,2025-10-20T22:24:53Z
Tqjw-H4QyG0,"prada is hit me and my hoomies we all
like it cours is too much dope",0,2025-10-20T19:06:52Z
Tqjw-H4QyG0,I still been hooked on this song all month man offset and gunna are literally the best duo on the planet this song is beyond incredible ğŸ˜ğŸğŸ”¥ğŸ”¥ğŸ’¯ absolute classic,8,2025-10-19T16:55:31Z
Tqjw-H4QyG0,"damn, how I missed this fyeğŸ”¥",1,2025-10-17T18:42:23Z
Tqjw-H4QyG0,â¤â¤â¤â¤â¤â¤â¤â¤â¤â¤,0,2025-10-16T21:33:58Z
Tqjw-H4QyG0,ğŸ”¥ğŸ”¥ğŸ”¥ğŸ”¥ğŸ”¥ğŸ”¥ğŸ”¥ğŸ”¥ğŸ”¥ğŸ”¥ğŸ”¥,0,2025-10-16T16:34:49Z
Tqjw-H4QyG0,Virginia Chickamauga ğŸŒ» 4EVER,0,2025-10-16T05:27:58Z
Tqjw-H4QyG0,ğŸ”¥ğŸ”¥ğŸ”¥ğŸ”¥ğŸ”¥ğŸ”¥ğŸ”¥ğŸ”¥ğŸ”¥ğŸ”¥ğŸ”¥ğŸ”¥ğŸ”¥,0,2025-10-16T00:20:48Z
Tqjw-H4QyG0,M.O.M (MILLION ON MIND),1,2025-10-15T17:37:27Z
Tqjw-H4QyG0,Who remembers watching them come up? â¤ï¸â€ğŸ”¥ğŸ™,0,2025-10-14T23:52:19Z
Tqjw-H4QyG0,Thank you gunna and sett for keeping my car rides on fire ğŸ”¥,0,2025-10-14T22:54:54Z
Tqjw-H4QyG0,"All day long!!  We in there...Wun World Tour!!  Let's get it, Let's go!!!",0,2025-10-13T11:37:21Z
Tqjw-H4QyG0,Gunna and these beats baby,2,2025-10-13T07:28:13Z
Tqjw-H4QyG0,2026 our year,3,2025-10-12T16:46:53Z
Tqjw-H4QyG0,Gunna is on a different level ğŸ”¥,1,2025-10-12T15:12:35Z
Tqjw-H4QyG0,Life style guyğŸ‰â¤,0,2025-10-12T09:43:15Z
Tqjw-H4QyG0,"Doesn't matter if he snitched,Wunna is litğŸ”¥",1,2025-10-09T12:21:06Z
Tqjw-H4QyG0,â¤â¤â¤â¤â¤â¤â¤â¤â¤â¤â¤â¤,0,2025-10-08T22:32:57Z
Tqjw-H4QyG0,fire,0,2025-10-08T05:44:27Z
Tqjw-H4QyG0,â¤â¤â¤â¤,0,2025-10-07T22:55:10Z
Tqjw-H4QyG0,ğŸ”¥ğŸ”¥ğŸ”¥ğŸ”¥,0,2025-10-07T16:12:02Z
Tqjw-H4QyG0,Milly him ğŸ˜® ğŸ¤ŸğŸ¤«,0,2025-10-07T13:21:45Z
Tqjw-H4QyG0,This the duo the game been missing SERIOUSLY!!!,0,2025-10-05T02:10:06Z
Tqjw-H4QyG0,2025 module ğŸ‰ gunna,0,2025-10-01T06:15:12Z
Tqjw-H4QyG0,Whose hear after different species ğŸ¥²,2,2025-09-30T10:27:38Z
Tqjw-H4QyG0,Welcome,0,2025-09-29T14:20:04Z
Tqjw-H4QyG0,HIPS 0:54 GN,0,2025-09-29T00:21:40Z
Tqjw-H4QyG0,HI LOL 0:38,2,2025-09-29T00:21:20Z
Tqjw-H4QyG0,Feel betterğŸ˜‚,1,2025-09-28T07:47:24Z
Tqjw-H4QyG0,ğŸ”¥ğŸ”¥ğŸ”¥ğŸ”¥ğŸ”¥ğŸ”¥ğŸ”¥ğŸ”¥ğŸ”¥ğŸ”¥ğŸ”¥ğŸ”¥ğŸ”¥ğŸ”¥ğŸ”¥ğŸ”¥ğŸ”¥ğŸ”¥ğŸ”¥ 1:03,2,2025-09-27T19:23:47Z
Tqjw-H4QyG0,My favourite track gunnağŸ˜‚,2,2025-09-26T17:45:03Z
Tqjw-H4QyG0,Killed it ğŸ”¥ğŸ”¥,0,2025-09-26T12:30:13Z
Tqjw-H4QyG0,Something we all be waiting for....Damn i now feel sorry for my speakers and damn neighbours...Damn this a banger ğŸ’¥ğŸ’¥ğŸ’¥â¤ï¸ğŸ’¯,1,2025-09-26T07:12:59Z
Tqjw-H4QyG0,collabo on the WAYYY!,0,2025-09-25T17:33:38Z
Tqjw-H4QyG0,There both never miss on any collab,2,2025-09-24T00:28:27Z
Tqjw-H4QyG0,2025 anyone?,31,2025-09-24T00:27:28Z
Tqjw-H4QyG0,This Beat Go Crazy ğŸ’¯ğŸ”¥ğŸ”¥ğŸ”¥,2,2025-09-20T16:04:01Z
Tqjw-H4QyG0,Wtf? Are these YN saying or even talking about. ğŸ˜‚ğŸ˜‚ğŸ˜‚,0,2025-09-20T00:13:42Z
Tqjw-H4QyG0,"Employee expense account 900 septillion googolplex September 20, 2025",0,2025-09-19T04:10:43Z
Tqjw-H4QyG0,Aaayyyyeeee Gunna ğŸ”¥ğŸ”¥2025,2,2025-09-18T19:05:53Z
Tqjw-H4QyG0,Really him .. trautamatic ğŸ˜ŠğŸ˜…ğŸ˜®ğŸ˜¢ğŸ‰ğŸ˜‚â¤ amen verbals. Hood misinterpreted. Mmm. Right. QLSPO,0,2025-09-18T18:54:07Z
Tqjw-H4QyG0,Mmm... Really him,2,2025-09-18T18:53:02Z
Tqjw-H4QyG0,All applicable lol,0,2025-09-18T18:52:44Z
Tqjw-H4QyG0,All clears it lol,0,2025-09-18T18:52:33Z
nH3_n9w-V4Y,Aye aye aye aye,0,2025-12-22T23:27:51Z
nH3_n9w-V4Y,Nothing can ever convince me that  these gunnar best song ever,0,2025-12-20T16:49:30Z
nH3_n9w-V4Y,poeticğŸ™,0,2025-12-17T20:39:00Z
nH3_n9w-V4Y,"Here for Gunna â¤

Can't deny Gunna been in his bag since day one, but that HIPVIEWS DAWT CAWM boost is on another level! Dudeâ€™s literally unstoppable now. ğŸ”¥ğŸ’¥",6,2025-12-16T18:33:10Z
nH3_n9w-V4Y,"Generational talent
Can't deny Gunna been in his bag since day one, but that HIPVIEWS DAWT CAWM boost is on another level! Dudeâ€™s literally unstoppable now. ğŸ”¥ğŸ’¥",4,2025-12-16T18:04:51Z
nH3_n9w-V4Y,Gunna my Gee ğŸ”¥,1,2025-12-13T14:03:49Z
nH3_n9w-V4Y,He made this song to apologize to thug,0,2025-12-12T23:49:31Z
nH3_n9w-V4Y,Gunna was like fine let me capture Leon's heart on this jamğŸ˜Š this jam  classic ğŸ‰ğŸ‰ pure reflection,0,2025-12-08T21:01:29Z
nH3_n9w-V4Y,Gunna-bittersweet youâ€™re welcome,0,2025-12-01T06:29:08Z
nH3_n9w-V4Y,Wk Gunna my bruğŸ˜…,1,2025-11-30T14:20:51Z
nH3_n9w-V4Y,Oh that's why there's an animal,1,2025-11-29T18:31:36Z
nH3_n9w-V4Y,this song so underrated,0,2025-11-28T07:01:02Z
nH3_n9w-V4Y,Thatâ€™s P fashion 0:21 0:23,0,2025-11-18T07:37:17Z
nH3_n9w-V4Y,Wow give those ğŸ‰,0,2025-11-10T19:05:32Z
nH3_n9w-V4Y,"Shit been rough, but I ain't too tough to say I love and I miss you",1,2025-11-07T18:34:16Z
nH3_n9w-V4Y,Hmm Hmmm,1,2025-11-07T00:52:16Z
nH3_n9w-V4Y,bro played this song on county call to me shit kept me going da dea dropped charge despite allegations this nigga way passed young thug in the music game now,0,2025-10-26T03:10:00Z
nH3_n9w-V4Y,Mmmmmh   mmmmmh,1,2025-10-25T00:47:58Z
nH3_n9w-V4Y,Mane f that bruh the truth,0,2025-10-23T03:45:18Z
nH3_n9w-V4Y,Gunna to the world ğŸ˜Š,0,2025-10-17T20:12:13Z
nH3_n9w-V4Y,"GOD is ONE â˜ğŸ½

John 17:3 â€œAnd this is eternal life, that they may know you, the only true God, and Jesus Christ whom you have sent""

Jesus said, ""I can of mine own self do nothing: as I hear, I judge: and my judgment is just; because I seek not mine own will, but the will of the Father which hath sent me",0,2025-10-12T13:11:07Z
nH3_n9w-V4Y,2025,1,2025-10-05T20:40:32Z
nH3_n9w-V4Y,Sent request to Don on chime for 150 cause he abuse my Skittlesgf and Eileensv,0,2025-10-04T19:09:19Z
nH3_n9w-V4Y,F L O W â¤,0,2025-10-03T08:01:08Z
nH3_n9w-V4Y,Durk,0,2025-10-02T10:06:15Z
nH3_n9w-V4Y,"i CANÂ´T FALL IN LOVE, i Need a specific type!",0,2025-09-30T08:53:53Z
nH3_n9w-V4Y,My favor one â¤â¤,0,2025-09-29T00:00:39Z
nH3_n9w-V4Y,Gunna is the shot real talk,0,2025-09-28T23:40:04Z
nH3_n9w-V4Y,AmenğŸ™ğŸ¼,2,2025-09-24T04:03:05Z
nH3_n9w-V4Y,My best sound from Gunna ğŸ”¨ğŸ”¨ğŸ”¨ğŸ‡¿ğŸ‡¼like,1,2025-09-19T08:38:42Z
nH3_n9w-V4Y,ğŸ˜Šnot bad really,1,2025-09-18T08:05:43Z
nH3_n9w-V4Y,ğŸ‘‘ğŸ‘‘â€¼ï¸,0,2025-09-17T23:19:14Z
nH3_n9w-V4Y,I don't give af what it takes u and slime gotta fix this sh## cuz...ğŸ˜¢ğŸ˜¢ğŸ˜¢y'all my favorite 2 artist and I'm from Cleveland avenue fr...,2,2025-09-13T19:04:20Z
nH3_n9w-V4Y,ğŸŒ¨ï¸ Snow,1,2025-09-13T12:51:46Z
nH3_n9w-V4Y,Man him,0,2025-09-12T22:14:30Z
nH3_n9w-V4Y,ğŸ”¥ğŸ”¥ğŸ”¥â¤ï¸,0,2025-09-10T22:06:01Z
nH3_n9w-V4Y,Perfect time to listen to this song again after the whole podcast,3,2025-09-09T08:36:20Z
nH3_n9w-V4Y,ğŸ”¥ğŸ”¥ğŸ”¥ğŸ¤”,0,2025-09-08T06:12:38Z
nH3_n9w-V4Y,"Bumping to this after the rat dropped the diss, Gunna matured asf",2,2025-09-06T07:35:51Z
nH3_n9w-V4Y,1:32 Luh Calm Fit,0,2025-09-06T06:45:00Z
nH3_n9w-V4Y,Living thow the pian but better days R coming ğŸ™ğŸ’¯,0,2025-09-05T17:58:05Z
nH3_n9w-V4Y,Now I understand ğŸ˜¢ğŸ˜¢ğŸ˜¢ğŸ˜¢,4,2025-09-02T20:58:23Z
nH3_n9w-V4Y,PROTECT GUNNA AT ALL COSTS ğŸ•¯ï¸ğŸ˜­,10,2025-09-02T20:53:50Z
nH3_n9w-V4Y,Bro predicted the future ğŸ˜­ğŸ™†â€â™‚ï¸,4,2025-09-02T20:50:29Z
nH3_n9w-V4Y,Lit ğŸ¥¶ğŸ›¸,1,2025-09-02T20:33:10Z
nH3_n9w-V4Y,Lit ğŸ¥¶ğŸğŸ¥¤,0,2025-09-02T20:32:53Z
nH3_n9w-V4Y,Gunna entire discography hitting 3x harder keep grinding WUNNAğŸ”¥ğŸ”¥ğŸ”¥ğŸ”¥ğŸ”¥ğŸ”¥,3,2025-09-01T06:39:51Z
nH3_n9w-V4Y,ğŸ’ªğŸ”¥ğŸ’ª,2,2025-08-31T17:30:14Z
nH3_n9w-V4Y,Careful with your Choice cuz you canâ€™t make it twice ğŸ”¥ğŸ…¿ï¸,4,2025-08-31T09:43:34Z
nH3_n9w-V4Y,Who is here 2025,2,2025-08-31T09:41:21Z
nH3_n9w-V4Y,Here after finding out (it was him along) Thug,9,2025-08-31T06:26:22Z
nH3_n9w-V4Y,You won kid luv 6LğŸ©µ,0,2025-08-31T05:45:45Z
nH3_n9w-V4Y,They gonna mention Wunna cause the views will be bigger ğŸ«¡,6,2025-08-30T00:45:22Z
nH3_n9w-V4Y,This song hits different now that thug a snitch,143,2025-08-29T01:18:56Z
nH3_n9w-V4Y,ğŸğŸ•-ğŸğŸ–-ğŸğŸğŸğŸ“,0,2025-08-27T14:14:50Z
nH3_n9w-V4Y,â€¼ï¸â€¼ï¸ğŸ’¯ğŸ’¯,1,2025-08-25T02:41:04Z
nH3_n9w-V4Y,ğŸ”¥ğŸ”¥ğŸ”¥,2,2025-08-21T05:32:18Z
nH3_n9w-V4Y,Mahn 2025 Drake shoulda been on this,0,2025-08-18T16:44:56Z
nH3_n9w-V4Y,"2025 16 August Dagger was here , Rip to my self ğŸ¥¹ğŸ™ğŸ¾ğŸ•Šï¸",0,2025-08-17T20:21:54Z
nH3_n9w-V4Y,Canâ€™t Nobody stop it when you popping you popping ğŸ¥¶ğŸ¥¶ğŸ¥¶ğŸ¥¶ğŸ¥¶ğŸ¥¶ğŸ¥¶,2,2025-08-17T09:59:16Z
nH3_n9w-V4Y,We appreciate what ysl did for gunna but right now everybody for himself God for us all....this talent can't be wasted in the joint ....lets go gunnağŸ˜‚ğŸ˜‚if u think your album is lit more this thas your problem...period!,2,2025-08-15T18:26:21Z
nH3_n9w-V4Y,1:33 ğŸ¥¶ğŸ’ğŸ¥¶ğŸ’ğŸ¥¶ğŸ’ğŸ¥¶ğŸ’ğŸ¥¶,5,2025-08-13T10:38:41Z
nH3_n9w-V4Y,"This is hands down Gunnaâ€™s best tune. Bar none. Authenticity, Flow & Melodic Harmony",1,2025-08-12T19:37:15Z
nH3_n9w-V4Y,His music makes sense than lil baby music,2,2025-08-06T02:16:59Z
nH3_n9w-V4Y,"Gunna i play this 3 times a day  and have since release to remind myself i can do whatever i set my mind too, Thankyou Gunna youve got me back into writing some new rap i stopped for a while, Your a legend bro. Love from the UK.",1,2025-08-05T16:51:52Z
nH3_n9w-V4Y,ğŸ”¥ğŸ”¥ğŸ”¥,0,2025-08-05T15:06:14Z
nH3_n9w-V4Y,No beats or anything fancy but hits like a cannonball ğŸ”¥ğŸ”¥ğŸ”¥ GUNNAâ¤,2,2025-08-05T10:58:10Z
nH3_n9w-V4Y,"AUGUST 2025 & BEYOND, STILL IN MY PLAYLIST...
""IT AINT GONE BE EASY TO TAKE THA SOUTHSIDE DON DADA..."" THIS DON CAN RELATE.... WUZ SOOO PROUD TO SEE YOU COME BACK THA WAY YOU CAME BACK G....""KEEP IT MOVIN' & KEEP IMPROVIN'""....",1,2025-08-04T06:08:37Z
nH3_n9w-V4Y,,0,2025-07-29T17:06:36Z
nH3_n9w-V4Y,â€œBe careful with your trust because you canâ€™t make it twice,1,2025-07-26T10:52:14Z
nH3_n9w-V4Y,Gunna is the greatest â¤ï¸,0,2025-07-23T13:43:21Z
nH3_n9w-V4Y,Perfect song for me damn,2,2025-07-20T23:11:19Z
nH3_n9w-V4Y,My goat,3,2025-07-13T22:59:03Z
nH3_n9w-V4Y,"Success is bitter sweet, Keep it going .",3,2025-07-12T23:13:26Z
nH3_n9w-V4Y,Gunna the best !!ğŸ”¥ğŸ˜­ğŸ˜­,6,2025-07-09T23:15:47Z
nH3_n9w-V4Y,Working out on ice cold grounds is insane motivated ğŸ˜‚i love gunna,2,2025-07-09T09:20:02Z
nH3_n9w-V4Y,The rest of ya old crew mad because you still making it without them after they all turn their backs on you when you got out. Stay focused and if they hate then watch em hate and watch the money pile up... keep soaring no matter what.,15,2025-07-06T18:53:14Z
nH3_n9w-V4Y,hardd,1,2025-07-06T11:52:06Z
nH3_n9w-V4Y,Gunna i mean been thinking hit the gym cause of you homie love your music all there from RSA you blood dawgğŸ˜,2,2025-07-04T21:38:53Z
nH3_n9w-V4Y,"Jesus loves you so much â¤
Please believe this 
He saves from eternal death",0,2025-07-04T00:28:15Z
nH3_n9w-V4Y,The renaissance.,0,2025-07-02T05:46:45Z
nH3_n9w-V4Y,Bitter but ALSO been SwET by this Song of Gunna BITTERSWEET!!!!,1,2025-06-30T01:57:35Z
nH3_n9w-V4Y,Non mess would be formed against anything that is not an objectively negative,1,2025-06-29T20:50:31Z
nH3_n9w-V4Y,Real s*** bro ğŸ’ªğŸ’¯ğŸ’¯,0,2025-06-24T04:55:31Z
nH3_n9w-V4Y,ğŸ™ŒğŸ‘‘,0,2025-06-12T11:07:01Z
nH3_n9w-V4Y,I canâ€™t fall in love I need a specific type ğŸ“ŒğŸ‘ŠğŸ‘Š,1,2025-06-11T16:28:16Z
nH3_n9w-V4Y,Harddddddddâ¤ï¸â€ğŸ”¥â¤ï¸â€ğŸ”¥â¤ï¸â€ğŸ”¥,1,2025-06-11T15:49:30Z
nH3_n9w-V4Y,Eu esperando o drop do beat ğŸ¤¡,1,2025-06-07T17:49:09Z
nH3_n9w-V4Y,I canâ€™t fall in love I need a specific type ğŸ”¥,5,2025-06-05T17:27:53Z
nH3_n9w-V4Y,THIS 1 OF THEM SONGS THAT TAKE YOU FAR AWAY FROM EARTH ğŸŒğŸ’¥ğŸ’ª,1,2025-06-04T20:53:43Z
nH3_n9w-V4Y,Gunna looks like lilbbyğŸ˜‚,0,2025-05-31T17:26:51Z
nH3_n9w-V4Y,Sh!t been rough but it ain't tough to say I love and I miss you,1,2025-05-30T09:26:38Z
nH3_n9w-V4Y,This broer a legendğŸ˜­ğŸ˜­ğŸ˜­ğŸ˜­ğŸ˜­,0,2025-05-25T19:30:43Z
nH3_n9w-V4Y,â¤â¤â¤â¤â¤,0,2025-05-18T16:46:37Z
nH3_n9w-V4Y,This song is forever my favourite,0,2025-05-15T10:23:41Z
nH3_n9w-V4Y,I pray we all find peace,1,2025-05-14T08:57:20Z
nH3_n9w-V4Y,Tuff tho,0,2025-05-11T15:17:12Z
nH3_n9w-V4Y,Can I get a dang feature? Nigga wthelly?ğŸ”¥ğŸ”¥,1,2025-05-11T00:35:18Z
nH3_n9w-V4Y,2:10 l,0,2025-05-09T14:23:39Z
nH3_n9w-V4Y,Careful with your choice coz you can'taje it twice,0,2025-05-09T14:23:18Z
